status	source	name	name_en	author	candidate	name_zh	evidence
auto	jiut	恋は戦争			pv_001	恋爱战争	jiut-song-name-table
auto	jiut	ワールドイズマイン -F2nd Edition-			pv_002	世界第一的公主殿下 -F2nd Edition-	jiut-song-name-table
auto	jiut	メルト -F2nd Edition-			pv_005	Melt -F2nd Edition-	jiut-song-name-table
auto	jiut	ストロボナイツ			pv_007	流光之夜	jiut-song-name-table
auto	jiut	マージナル -F2nd Edition-			pv_012	Marginal -F2nd Edition-	jiut-song-name-table
auto	jiut	フキゲンワルツ			pv_013	不悦的华尔滋	jiut-song-name-table
auto	jiut	ミラクルペイント -F2nd Edition-			pv_014	Miracle Paint -F2nd Edition-	jiut-song-name-table
auto	jiut	恋スルＶＯＣ＠ＬＯＩＤ			pv_016	恋爱的ＶＯＣ＠ＬＯＩＤ	jiut-song-name-table
auto	jiut	ハト			pv_019	鸽子	jiut-song-name-table
auto	jiut	みくみくにしてあげる♪【してやんよ】 -F2nd Edition-			pv_028	把你给MIKUMIKU掉♪【MIKU掉】 -F2nd Edition-	jiut-song-name-table
auto	jiut	えれくとりっく・えんじぇぅ -F2nd Edition-			pv_030	电子天使 -F2nd Edition-	jiut-song-name-table
auto	jiut	あなたの歌姫			pv_031	你的歌姬	jiut-song-name-table
auto	jiut	初音ミクの消失			pv_032	初音未来的消失	jiut-song-name-table
auto	jiut	初めての恋が終わる時 -F2nd Edition-			pv_037	初恋终结之时 -F2nd Edition-	jiut-song-name-table
auto	jiut	こっち向いて Baby -F2nd Edition-			pv_038	向我这边看 Baby -F2nd Edition-	jiut-song-name-table
auto	jiut	ファインダー(DSLR remix - re:edit)			pv_039	Finder (DSLR remix - re:edit)	jiut-song-name-table
auto	jiut	カラフル×メロディ -F2nd Edition-			pv_041	Colorful × Melody -F2nd Edition-	jiut-song-name-table
auto	jiut	初音ミクの激唱 -F2nd Edition-			pv_042	初音未来的激唱 -F2nd Edition-	jiut-song-name-table
auto	jiut	ロミオとシンデレラ -F2nd Edition-			pv_043	罗密欧与灰姑娘 -F2nd Edition-	jiut-song-name-table
auto	jiut	ジェミニ			pv_047	双子座	jiut-song-name-table
auto	jiut	愛言葉 -F2nd Edition-			pv_048	爱言叶 -F2nd Edition-	jiut-song-name-table
auto	jiut	ぽっぴっぽー			pv_049	Po Pi Po	jiut-song-name-table
auto	jiut	サイハテ			pv_050	最终之所	jiut-song-name-table
auto	jiut	恋色病棟			pv_052	恋色病栋	jiut-song-name-table
auto	jiut	ココロ -F2nd Edition-			pv_055	心 -F2nd Edition-	jiut-song-name-table
auto	jiut	右肩の蝶			pv_056	右肩之蝶	jiut-song-name-table
auto	jiut	ダブルラリアット -F2nd Edition-			pv_057	Double Lariat -F2nd Edition-	jiut-song-name-table
auto	jiut	カンタレラ			pv_058	坎特雷拉	jiut-song-name-table
auto	jiut	サウンド			pv_060	Sound	jiut-song-name-table
auto	jiut	クローバー♣クラブ -F2nd Edition-			pv_061	Clover♣Club -F2nd Edition-	jiut-song-name-table
auto	jiut	ハジメテノオト			pv_065	最初的声音	jiut-song-name-table
auto	jiut	えれくとりっく・えんじぇぅ（extend版)			pv_068	电子天使（extend版）	jiut-song-name-table
auto	jiut	歌に形はないけれど -F2nd Edition-			pv_081	虽然歌声无形 -F2nd Edition-	jiut-song-name-table
auto	jiut	裏表ラバーズ -F2nd Edition-			pv_082	里表Lovers -F2nd Edition-	jiut-song-name-table
auto	jiut	*ハロー、プラネット。(I.M.PLSE-EDIT)			pv_083	*你好，行星。(I.M.PLSE-EDIT)	jiut-song-name-table
auto	jiut	那由他の彼方まで -F2nd Edition-			pv_084	直至无尽的远方 -F2nd Edition-	jiut-song-name-table
auto	jiut	孤独の果て -F2nd Edition-			pv_085	孤独的尽头 -F2nd Edition-	jiut-song-name-table
auto	jiut	パズル			pv_086	Puzzle	jiut-song-name-table
auto	jiut	千年の独奏歌 (DIVA edit) -F2nd Edition-			pv_088	千年的独奏歌 (DIVA edit) -F2nd Edition-	jiut-song-name-table
auto	jiut	結んで開いて羅刹と骸 -F2nd Edition-			pv_090	连起来又分开罗刹与骨骸 -F2nd Edition-	jiut-song-name-table
auto	jiut	ローリンガール -F2nd Edition-			pv_091	Rolling Girl -F2nd Edition-	jiut-song-name-table
auto	jiut	パラジクロロベンゼン -F2nd Edition-			pv_093	对二氯苯 -F2nd Edition-	jiut-song-name-table
auto	jiut	番凩 -F2nd Edition-			pv_094	番风 -F2nd Edition-	jiut-song-name-table
auto	jiut	ねこみみスイッチ			pv_095	猫耳开关	jiut-song-name-table
auto	jiut	積乱雲グラフィティ -F2nd Edition-			pv_096	积雨云Graffiti -F2nd Edition-	jiut-song-name-table
auto	jiut	リンリンシグナル -Append Mix-			pv_097	恋爱信号 -Append Mix-	jiut-song-name-table
auto	jiut	多重未来のカルテット -Quartet Theme-			pv_102	多重未来的四重奏 -Quartet Theme-	jiut-song-name-table
auto	jiut	星屑ユートピア			pv_201	星尘乌托邦	jiut-song-name-table
auto	jiut	カラフル×セクシィ			pv_212	Colorful × Sexy	jiut-song-name-table
auto	jiut	ルカルカ★ナイトフィーバー -F2nd Edition-			pv_213	LUKALUKA★NIGHT FEVER -F2nd Edition-	jiut-song-name-table
auto	jiut	白い雪のプリンセスは			pv_218	白如雪的公主啊	jiut-song-name-table
auto	jiut	ワールズエンド・ダンスホール -Live Dance Edition-			pv_220	世末舞厅 -Live Dance Edition-	jiut-song-name-table
auto	jiut	ネコミミアーカイブ			pv_221	猫耳备档	jiut-song-name-table
auto	jiut	ブラックゴールド			pv_222	Black Gold	jiut-song-name-table
auto	jiut	ゆめゆめ			pv_225	梦想梦想	jiut-song-name-table
auto	jiut	妄想スケッチ			pv_227	妄想素描本	jiut-song-name-table
auto	jiut	キップル・インダストリー			pv_231	Kipple Industry, Inc.	jiut-song-name-table
auto	jiut	深海シティアンダーグラウンド			pv_234	深海地下都市	jiut-song-name-table
auto	jiut	トリコロール・エア・ライン			pv_239	三色航空	jiut-song-name-table
auto	jiut	システマティック・ラヴ			pv_240	Systematic Love	jiut-song-name-table
auto	jiut	エレクトロサチュレイタ			pv_241	电子混音器	jiut-song-name-table
auto	jiut	インタビュア			pv_243	Interviewer	jiut-song-name-table
auto	jiut	スノーマン			pv_244	雪人	jiut-song-name-table
auto	jiut	テレカクシ思春期			pv_246	隐羞思春期	jiut-song-name-table
auto	jiut	スイートマジック			pv_247	甜蜜魔法	jiut-song-name-table
auto	jiut	ありふれたせかいせいふく			pv_248	普通不过的世界征服	jiut-song-name-table
auto	jiut	アゲアゲアゲイン			pv_249	Ageage Again	jiut-song-name-table
auto	jiut	はじめまして地球人さん			pv_250	初次见面，地球人	jiut-song-name-table
auto	jiut	アマツキツネ			pv_254	天狐	jiut-song-name-table
auto	jiut	骸骨楽団とリリア			pv_255	骸骨乐团和莉莉亚	jiut-song-name-table
auto	jiut	サンドリヨン			pv_259	Cendrillon	jiut-song-name-table
auto	jiut	アドレサンス			pv_260	Adolescence	jiut-song-name-table
auto	jiut	君の体温			pv_261	你的体温	jiut-song-name-table
auto	jiut	ピアノ×フォルテ×スキャンダル			pv_262	Piano × Forte × Scandal	jiut-song-name-table
auto	jiut	ヒビカセ			pv_265	让声音响遍	jiut-song-name-table
auto	jiut	ゴーストルール			pv_266	幽灵法则	jiut-song-name-table
auto	jiut	砂の惑星 feat.初音ミク			pv_267	砂之惑星 feat.初音未来	jiut-song-name-table
auto	jiut	39みゅーじっく！			pv_269	39music！	jiut-song-name-table
auto	jiut	エイリアンエイリアン			pv_270	外星人外星人	jiut-song-name-table
auto	jiut	テオ			pv_271	将手	jiut-song-name-table
auto	jiut	ヒバナ			pv_272	火花	jiut-song-name-table
auto	jiut	ロキ			pv_273	ROKI	jiut-song-name-table
auto	jiut	ジグソーパズル			pv_274	拼图游戏	jiut-song-name-table
auto	jiut	どりーみんチュチュ			pv_275	Dreamin Chuchu	jiut-song-name-table
auto	jiut	大江戸ジュリアナイト			pv_276	大江户Julia Night	jiut-song-name-table
auto	jiut	ジターバグ			pv_277	JITTERBUG	jiut-song-name-table
auto	jiut	ブレス・ユア・ブレス			pv_278	Bless Your Breath	jiut-song-name-table
auto	jiut	ドラマツルギー			pv_280	拟剧论	jiut-song-name-table
auto	jiut	グリーンライツ・セレナーデ			pv_281	绿光小夜曲	jiut-song-name-table
auto	jiut	巴里映画少女			pv_433	巴黎电影少女	jiut-song-name-table
auto	jiut	デンパラダイム			pv_435	电波模范	jiut-song-name-table
auto	jiut	キャットフード			pv_600	Cat Food	jiut-song-name-table
auto	jiut	モノクロ∞ブルースカイ			pv_601	黑白∞蓝天	jiut-song-name-table
auto	jiut	トリノコシティ			pv_604	鸟木都市	jiut-song-name-table
auto	jiut	え？あぁ、そう。			pv_605	唉？啊，是哦。	jiut-song-name-table
auto	jiut	どういうことなの！？			pv_608	是怎么回事呢！？	jiut-song-name-table
auto	jiut	Nyanyanyanyanyanyanya!			pv_610	喵喵喵喵喵喵喵！	jiut-song-name-table
auto	jiut	タイムマシン			pv_612	时光机	jiut-song-name-table
auto	jiut	ハイハハイニ			pv_613	尘归尘	jiut-song-name-table
auto	jiut	MEGANE			pv_614	眼镜	jiut-song-name-table
auto	jiut	メランコリック			pv_615	忧郁的心情	jiut-song-name-table
auto	jiut	アンハッピーリフレイン			pv_616	Unhappy Refrain	jiut-song-name-table
auto	jiut	ネトゲ廃人シュプレヒコール			pv_617	网游废人齐颂曲	jiut-song-name-table
auto	jiut	天樂			pv_619	天乐	jiut-song-name-table
auto	jiut	リモコン			pv_620	遥控器	jiut-song-name-table
auto	jiut	サマーアイドル			pv_624	夏日偶像	jiut-song-name-table
auto	jiut	ネガポジ＊コンティニューズ			pv_629	Negaposi＊Continues	jiut-song-name-table
auto	jiut	ブラック★ロックシューター			pv_630	BLACK★ROCK SHOOTER	jiut-song-name-table
auto	jiut	夢の続き			pv_631	梦的续章	jiut-song-name-table
auto	jiut	千本桜 -F edition-			pv_637	千本樱 -F edition-	jiut-song-name-table
auto	jiut	東京テディベア			pv_639	东京泰迪熊	jiut-song-name-table
auto	jiut	夢喰い白黒バク			pv_640	食梦的黑白貘	jiut-song-name-table
auto	jiut	リンちゃんなう！			pv_641	铃酱NOW！	jiut-song-name-table
auto	jiut	桜ノ雨			pv_710	樱之雨	jiut-song-name-table
auto	jiut	メテオ			pv_722	Meteor	jiut-song-name-table
auto	jiut	二次元ドリームフィーバー			pv_723	二次元 Dream Fever	jiut-song-name-table
auto	jiut	エンヴィキャットウォーク			pv_724	Envy Cat Walk	jiut-song-name-table
auto	jiut	指切り			pv_725	打勾勾	jiut-song-name-table
auto	jiut	からくりピエロ			pv_726	活动小丑	jiut-song-name-table
auto	jiut	スキキライ			pv_727	喜欢讨厌	jiut-song-name-table
auto	jiut	こちら、幸福安心委員会です。			pv_729	这里是幸福安心委员会	jiut-song-name-table
auto	jiut	アカツキアライヴァル			pv_732	拂晓抵达	jiut-song-name-table
auto	jiut	なりすましゲンガー			pv_733	虚假Ganger	jiut-song-name-table
auto	jiut	壊セ壊セ			pv_734	破坏破坏	jiut-song-name-table
auto	jiut	二息歩行			pv_736	二息步行	jiut-song-name-table
auto	jiut	いかないで			pv_453	别走	jiut-song-name-table
auto	jiut	そうだった！！			pv_461	是的是的！！	jiut-song-name-table
auto	jiut	ニア			pv_915	NEAR	jiut-song-name-table
auto	jiut	ハロ／ハワユ			pv_916	Hello／How are you	jiut-song-name-table
auto	jiut	自傷無色			pv_917	自伤无色	jiut-song-name-table
auto	jiut	シャルル			pv_920	Charles	jiut-song-name-table
auto	jiut	セカイ			pv_921	世界	jiut-song-name-table
auto	jiut	青く駆けろ！			pv_922	奔向蓝天！	jiut-song-name-table
auto	jiut	ハッピーシンセサイザ			pv_923	快乐合成器	jiut-song-name-table
auto	jiut	ビバハピ			pv_924	VIVA HAPPY	jiut-song-name-table
auto	jiut	メルティランドナイトメア			pv_925	Melty Land Nightmare	jiut-song-name-table
auto	jiut	フラジール			pv_926	Fragile	jiut-song-name-table
auto	jiut	potatoになっていく			pv_927	变身土豆	jiut-song-name-table
auto	jiut	アイドル新鋭隊			pv_928	偶像新锐队	jiut-song-name-table
auto	jiut	セカイはまだ始まってすらいない			pv_929	“世界”还没开始	jiut-song-name-table
auto	jiut	アスノヨゾラ哨戒班			pv_930	明日的夜空哨戒班	jiut-song-name-table
auto	jiut	ブリキノダンス			pv_931	马口铁之舞	jiut-song-name-table
auto	jiut	ダンスロボットダンス			pv_932	Dance Robot Dance	jiut-song-name-table
auto	jiut	携帯恋話			pv_935	移动恋话	jiut-song-name-table
auto	jiut	ジャンキーナイトタウンオーケストラ			pv_937	瘾者之夜城镇乐队	jiut-song-name-table
auto	jiut	夜咄ディセイブ			pv_938	夜谈欺骗	jiut-song-name-table
auto	jiut	モア！ジャンプ！モア！			pv_939	MORE! JUMP! MORE!	jiut-song-name-table
auto	jiut	命に嫌われている。			pv_940	被生命所厌恶。	jiut-song-name-table
auto	jiut	ステラ			pv_941	Stella	jiut-song-name-table
auto	jiut	悔やむと書いてミライ			pv_942	写着后悔的未来	jiut-song-name-table
auto	jiut	ジャックポットサッドガール			pv_943	Jackpot Sad Girl	jiut-song-name-table
auto	jiut	ネクストネスト			pv_944	Next Nest	jiut-song-name-table
auto	jiut	ぼうけんのしょがきえました！			pv_945	冒险书消失了！	jiut-song-name-table
auto	jiut	ドクター＝ファンクビート			pv_946	Doctor=Funk Beat	jiut-song-name-table
auto	jiut	脱法ロック			pv_947	逃避法律摇滚	jiut-song-name-table
auto	jiut	ワーワーワールド			pv_949	哇哇世界	jiut-song-name-table
auto	jiut	お気に召すまま			pv_951	皆大欢喜	jiut-song-name-table
auto	jiut	おばけのウケねらい			pv_953	拍鬼怪的马屁	jiut-song-name-table
auto	jiut	ライナ			pv_954	LINER	jiut-song-name-table
auto	jiut	さよなら、優等生			pv_958	再见，优等生	jiut-song-name-table
auto	jiut	限りなく灰色へ			pv_960	向着无尽之灰	jiut-song-name-table
auto	jiut	ボッカデラベリタ			pv_961	真理之口	jiut-song-name-table
auto	jiut	天使のクローバー			pv_962	天使的幸运草	jiut-song-name-table
auto	jiut	才能の有無を忘れてしまう程に			pv_963	忘却了有无才能的程度	jiut-song-name-table
auto	jiut	愛されなくても君がいる			pv_964	就算没有爱 只要有你就好	jiut-song-name-table
auto	jiut	チュルリラ・チュルリラ・ダッダッダ！			pv_966	啾噜哩啦·啾噜哩啦·哒哒哒！	jiut-song-name-table
auto	jiut	とても痛い痛がりたい			pv_967	痛并渴痛	jiut-song-name-table
auto	jiut	ワンスアポンアドリーム			pv_968	Once Upon A Dream	jiut-song-name-table
auto	jiut	霽れを待つ			pv_969	等待雨晴	jiut-song-name-table
auto	jiut	ニジイロストーリーズ			pv_971	虹色物语	jiut-song-name-table
auto	jiut	ミルククラウン・オン・ソーネチカ			pv_974	女帝头上的牛奶花冠	jiut-song-name-table
auto	jiut	ポジティブ☆ダンスタイム			pv_976	Positive☆Dance Time	jiut-song-name-table
auto	jiut	アンノウン・マザーグース			pv_977	Unknown Mother-Goose	jiut-song-name-table
auto	jiut	ワールズエンド・ダンスホール -F Edition-			pv_606	世末舞厅 -F Edition-	jiut-song-name-table
auto	jiut	ぽっぴっぽー F's Special edition			pv_643	Po Pi Po F's Special edition	jiut-song-name-table
auto	jiut	カゲロウデイズ			pv_721	阳炎眩乱	jiut-song-name-table
auto	jiut	カンタレラ ～grace edition～			pv_735	坎特雷拉 ～grace edition～	jiut-song-name-table
auto	mod:X Song Pack	ハジメテノオト -X Edition-	The First Sound -X Edition-	malo	ハジメテノオト	最初的声音	name-normalized+existing-exact
auto	mod:Retro Charts	[PD1] 恋は戦争	[PD1] Love is War	ryo	恋は戦争	恋爱战争	name-normalized+existing-exact
auto	mod:Retro Charts	[PD1/PD2] ワールドイズマイン	[PD1/PD2] The World is Mine	ryo	ワールドイズマイン	世界第一的公主殿下	name-normalized+existing-normalized
auto	mod:Retro Charts	[PD1/PD2] メルト	[PD1/PD2] Melt	ryo	メルト	Melt	name-normalized+existing-normalized
auto	mod:Retro Charts	[PD1/PD2] ストロボナイツ	[PD1/PD2] Strobo Nights	kz	ストロボナイツ	流光之夜	name-normalized+existing-exact
auto	mod:Retro Charts	[PD1/PD2] マージナル	[PD1/PD2] Marginal	OSTER project	マージナル	Marginal	name-normalized+existing-normalized
auto	mod:Retro Charts	[PD1] フキゲンワルツ	[PD1] Grumpy Waltz	OSTER project	フキゲンワルツ	不悦的华尔滋	name-normalized+existing-exact
auto	mod:Retro Charts	[PD1/PD2] ミラクルペイント	[PD1/PD2] Miracle Paint	OSTER project	ミラクルペイント	Miracle Paint	name-normalized+existing-normalized
auto	mod:Retro Charts	[PD1] 恋スルＶＯＣ＠ＬＯＩＤ	[PD1] VOC@LOID in Love	OSTER project	恋スルＶＯＣ＠ＬＯＩＤ	恋爱的ＶＯＣ＠ＬＯＩＤ	name-normalized+existing-exact
auto	mod:Retro Charts	[PD1/PD2]ハト	[PD1/PD2] White Dove	秦野P	ハト	鸽子	name-normalized+existing-exact
auto	mod:Retro Charts	[PD1/PD2] みくみくにしてあげる♪【してやんよ】	[PD1/PD2] I'll Miku-Miku You♪ (For Reals)	ika_mo	みくみくにしてあげる♪【してやんよ】	把你给MIKUMIKU掉♪【MIKU掉】	name-normalized+existing-normalized
auto	mod:Retro Charts	[PD1/PDe] えれくとりっく・えんじぇぅ	[PD1/PDe] Electric Angel	ヤスオ	えれくとりっく・えんじぇぅ	电子天使	name-normalized+existing-normalized
auto	mod:Retro Charts	[PD1/PDe] あなたの歌姫	[PD1/PDe] I'm Your Diva	azuma	あなたの歌姫	你的歌姬	name-normalized+existing-exact
auto	mod:Retro Charts	[PD1/PDe] 初音ミクの消失	[PD1/PDe] The Disappearance of Hatsune Miku	cosMo＠暴走P	初音ミクの消失	初音未来的消失	name-normalized+existing-exact
auto	mod:Retro Charts	[PD2] 初めての恋が終わる時	[PD2] When First Love Ends	ryo	初めての恋が終わる時	初恋终结之时	name-normalized+existing-normalized
auto	mod:Retro Charts	[PDe] こっち向いて Baby	[PDe] Look This Way, Baby	ryo	こっち向いて Baby	向我这边看 Baby	name-normalized+existing-normalized
auto	mod:Retro Charts	[PD2] ファインダー(DSLR remix - re:edit)	[PD2] Finder (DSLR remix - re:edit)	kz	ファインダー(DSLR remix - re:edit)	Finder (DSLR remix - re:edit)	name-normalized+existing-exact
auto	mod:Retro Charts	[PDe] カラフル×メロディ	[PDe] Colorful × Melody	doriko	カラフル×メロディ	Colorful × Melody	name-normalized+existing-normalized
auto	mod:Retro Charts	[PDe] 初音ミクの激唱	[PDe] The Intense Voice of Hatsune Miku	Storyteller	初音ミクの激唱	初音未来的激唱	name-normalized+existing-normalized
auto	mod:Retro Charts	[PD2] ロミオとシンデレラ	[PD2] Romeo and Cinderella	doriko	ロミオとシンデレラ	罗密欧与灰姑娘	name-normalized+existing-normalized
auto	mod:Retro Charts	[PD2] ジェミニ	[PD2] Gemini	Dixie Flatline	ジェミニ	双子座	name-normalized+existing-exact
auto	mod:Retro Charts	[PD2] 愛言葉	[PD2] Aikotoba	DECO*27	愛言葉	爱言叶	name-normalized+existing-normalized
auto	mod:Retro Charts	[PD2] ぽっぴっぽー	[PD2] Po Pi Po	ラマーズP	ぽっぴっぽー	Po Pi Po	name-normalized+existing-exact
auto	mod:Retro Charts	[PD2] サイハテ	[PD2] Saihate	小林オニキス	サイハテ	最终之所	name-normalized+existing-exact
auto	mod:Retro Charts	[PD2] 恋色病棟	[PD2] Love-Colored Ward	OSTER project	恋色病棟	恋色病栋	name-normalized+existing-exact
auto	mod:Retro Charts	[PD2] ココロ	[PD2] Kokoro	トラボルタ	ココロ	心	name-normalized+existing-normalized
auto	mod:Retro Charts	[PD2] 右肩の蝶	[PD2] Butterfly on Your Right Shoulder	のりぴー	右肩の蝶	右肩之蝶	name-normalized+existing-exact
auto	mod:Retro Charts	[PD2] ダブルラリアット	[PD2] Double Lariat	アゴアニキ	ダブルラリアット	Double Lariat	name-normalized+existing-normalized
auto	mod:Retro Charts	[PD2] カンタレラ	[PD2] Cantarella	黒うさ	カンタレラ	坎特雷拉	name-normalized+existing-exact
auto	mod:Retro Charts	[PD2] サウンド	[PD2] Sound	baker	サウンド	Sound	name-normalized+existing-exact
auto	mod:Retro Charts	[PD2] ハジメテノオト	[PD2] The First Sound	malo	ハジメテノオト	最初的声音	name-normalized+existing-exact
auto	mod:Retro Charts	[PDe] 歌に形はないけれど	[PDe] Though My Song Has No Form	doriko	歌に形はないけれど	虽然歌声无形	name-normalized+existing-normalized
auto	mod:Retro Charts	[PDe] 裏表ラバーズ	[PDe] Two-Sided Lovers	wowaka	裏表ラバーズ	里表Lovers	name-normalized+existing-normalized
auto	mod:Retro Charts	[PDe] *ハロー、プラネット。(I.M.PLSE-EDIT)	[PDe] *Hello, Planet.	sasakure.UK	*ハロー、プラネット。(I.M.PLSE-EDIT)	*你好，行星。(I.M.PLSE-EDIT)	name-normalized+existing-exact
auto	mod:Retro Charts	[PDe] 那由他の彼方まで	[PDe] To the End of Infinity	釣り師P	那由他の彼方まで	直至无尽的远方	name-normalized+existing-normalized
auto	mod:Retro Charts	[PDe] パズル	[PDe] Puzzle	クワガタP	パズル	Puzzle	name-normalized+existing-exact
auto	mod:Retro Charts	[PDe] 千年の独奏歌 (DIVA edit)	[PDe] Thousand Year Solo (DIVA Edit)	yanagi	千年の独奏歌 (DIVA edit)	千年的独奏歌 (DIVA edit)	name-normalized+existing-normalized
auto	mod:Retro Charts	[PDe] 結んで開いて羅刹と骸	[PDe] Close and Open, Demons and The Dead	ハチ	結んで開いて羅刹と骸	连起来又分开罗刹与骨骸	name-normalized+existing-normalized
auto	mod:Retro Charts	[PDe] ローリンガール	[PDe] Rolling Girl	wowaka	ローリンガール	Rolling Girl	name-normalized+existing-normalized
auto	mod:Retro Charts	[PDe] パラジクロロベンゼン	[PDe] Paradichlorobenzene	オワタP	パラジクロロベンゼン	对二氯苯	name-normalized+existing-normalized
auto	mod:Retro Charts	[PDe] 番凩	[PDe] Wintry Winds	hinayukki@仕事してP	番凩	番风	name-normalized+existing-normalized
auto	mod:Retro Charts	[PDe] ねこみみスイッチ	[PDe] NekoMimi Switch	daniwell	ねこみみスイッチ	猫耳开关	name-normalized+existing-exact
auto	mod:Retro Charts	[PDe] 積乱雲グラフィティ	[PDe] Sekiranun Graffiti	ryo	積乱雲グラフィティ	积雨云Graffiti	name-normalized+existing-normalized
auto	mod:Retro Charts	[PDe] リンリンシグナル -Append Mix-	[PDe] RinRin Signal -Append Mix-	Dios/シグナルP	リンリンシグナル -Append Mix-	恋爱信号 -Append Mix-	name-normalized+existing-exact
auto	mod:Retro Charts	[PDe] 星屑ユートピア	[PDe] Stardust Utopia	otetsu	星屑ユートピア	星尘乌托邦	name-normalized+existing-exact
auto	mod:Retro Charts	[PDe] カラフル×セクシィ	[PDe] Colorful × Sexy	doriko	カラフル×セクシィ	Colorful × Sexy	name-normalized+existing-exact
auto	mod:Retro Charts	[PDe] ルカルカ★ナイトフィーバー	[PDe] Luka Luka ★ Night Fever	samfree	ルカルカ★ナイトフィーバー	LUKALUKA★NIGHT FEVER	name-normalized+existing-normalized
auto	pdaft-zh:mod:F2nd Song Pack	Packaged -F2nd Edition-	Packaged -F2nd Edition-	kz	pv_10	Packaged	pdaft-zh-release-pv-db
auto	pdaft-zh:mod:F2nd Song Pack	Yellow -F2nd Edition-	Yellow -F2nd Edition-	kz	pv_40	Yellow	pdaft-zh-release-pv-db
auto	pdaft-zh:mod:F2nd Song Pack	magnet -F2nd Edition-	magnet -F2nd Edition-	minato（流星P）	pv_44	magnet	pdaft-zh-release-pv-db
auto	pdaft-zh:mod:F2nd Song Pack	炉心融解 -F2nd Edition-	Roshin Yukai -F2nd Edition-	iroha(sasaki)	pv_54	炉心融解	pdaft-zh-release-pv-db
auto	pdaft-zh:mod:F2nd Song Pack	Change me -F2nd Edition-	Change me -F2nd Edition-	shu-t	pv_59	Change me	pdaft-zh-release-pv-db
auto	pdaft-zh:mod:F2nd Song Pack	Promise -F2nd Edition-	Promise -F2nd Edition-	samfree	pv_62	Promise	pdaft-zh-release-pv-db
auto	pdaft-zh:mod:F2nd Song Pack	Just Be Friends -F2nd Edition-	Just Be Friends -F2nd Edition-	Dixie Flatline	pv_66	Just Be Friends	pdaft-zh-release-pv-db
auto	pdaft-zh:mod:F2nd Song Pack	SPiCa -F2nd's 39's Giving Day Edition-	SPiCa -F2nd's 39's Giving Day Edition-	とく	pv_79	SPiCa -39's Giving Day Edition-	pdaft-zh-release-pv-db
auto	pdaft-zh:mod:F2nd Song Pack	Rosary Pale -F2nd Edition-	Rosary Pale -F2nd Edition-	新城P	pv_224	Rosary Pale	pdaft-zh-release-pv-db
auto	mod:Onneb's Song Pack	燦々デイズ	Sansan Days	スピラ・スピカ	name_en	Sansan Days	name_en-fallback
auto	mod:Restore Cut Songs	saturation	Saturation	fatP	name_en	Saturation	name_en-fallback
auto	mod:Project Hoshikuzu - Song Pack	泡沫未来	The Bubble Future	ネギシャワーP	name_en	The Bubble Future	name_en-fallback
auto	mod:Project Hoshikuzu - Song Pack	アイディスマイル	IDSMILE	とあ	name_en	IDSMILE	name_en-fallback
auto	mod:Project Hoshikuzu - Song Pack	花を唄う	Singing of Flowers	シノ	name_en	Singing of Flowers	name_en-fallback
auto	mod:Project Hoshikuzu - Song Pack	夜に駆ける	Racing Into the Night	Ayase	name_en	Racing Into the Night	name_en-fallback
auto	mod:Project Hoshikuzu - Song Pack	幽霊東京	Ghost City Tokyo	Ayase	name_en	Ghost City Tokyo	name_en-fallback
auto	mod:Project Hoshikuzu - Song Pack	シネマ	Cinema	Ayase	name_en	Cinema	name_en-fallback
auto	mod:Project Hoshikuzu - Song Pack	アイノマテリアル	Ai no Material	Junky	name_en	Ai no Material	name_en-fallback
auto	mod:Project Hoshikuzu - Song Pack	トンデモワンダーズ	TONDEMO-WONDERZ	sasakure.UK	name_en	TONDEMO-WONDERZ	name_en-fallback
auto	mod:Project Hoshikuzu - Song Pack	カナデトモスソラ	Kanade Tomosu Sora	ササノマリイ	name_en	Kanade Tomosu Sora	name_en-fallback
auto	mod:Project Hoshikuzu - Song Pack	トラフィック・ジャム	Traffic Jam	煮ル果実	name_en	Traffic Jam	name_en-fallback
auto	mod:Project Hoshikuzu - Song Pack	チルドレンレコード	Children Record	じん	name_en	Children Record	name_en-fallback
auto	mod:Project Hoshikuzu - Song Pack	テレキャスタービーボーイ	Telecaster B-Boy	すりぃ	name_en	Telecaster B-Boy	name_en-fallback
auto	mod:Project Hoshikuzu - Song Pack	ロウワー	Lower	ぬゆり	name_en	Lower	name_en-fallback
auto	mod:Project Hoshikuzu - Song Pack	神っぽいな	God-ish	ピノキオピー	name_en	God-ish	name_en-fallback
auto	mod:Project Hoshikuzu - Song Pack	アイスドロップ	Ice Drop	Aqu3ra	name_en	Ice Drop	name_en-fallback
auto	mod:Project Hoshikuzu - Song Pack	ショウタイム・ルーラー	Showtime Ruler	カラスヤサボウ	name_en	Showtime Ruler	name_en-fallback
auto	mod:Project Hoshikuzu - Song Pack	少女レイ	Shoujorei	みきとP	name_en	Shoujorei	name_en-fallback
auto	mod:Project Hoshikuzu - Song Pack	ガランド	Garando	ピコン	name_en	Garando	name_en-fallback
auto	mod:Project Hoshikuzu - Song Pack	アイデンティティ	Identity	Kanaria	name_en	Identity	name_en-fallback
auto	mod:Project Hoshikuzu - Song Pack	月光	Moonlight	キタニタツヤ, はるまきごはん	name_en	Moonlight	name_en-fallback
auto	mod:Project Hoshikuzu - Song Pack	ÅMARA(大未来電脳)	ÅMARA (The Great Intelligence)	sasakure.UK	name_en	ÅMARA (The Great Intelligence)	name_en-fallback
auto	mod:Project Hoshikuzu - Song Pack	ノマド	Nomad	バルーン	name_en	Nomad	name_en-fallback
auto	mod:Cabra's Song Pack	ビターチョコデコレーション	Bitter Choco Decoration	syudou	name_en	Bitter Choco Decoration	name_en-fallback
auto	mod:Cabra's Song Pack	ビー マイ ゲスト	Be My Guest	アザリ	name_en	Be My Guest	name_en-fallback
auto	mod:Cabra's Song Pack	ララララフレシア	RRRRafflesia	鬱P	name_en	RRRRafflesia	name_en-fallback
auto	mod:Cabra's Song Pack	マネキン	Mannequin	DECO*27	name_en	Mannequin	name_en-fallback
auto	mod:Cabra's Song Pack	熱風	NEPPUU	みきとP	name_en	NEPPUU	name_en-fallback
auto	mod:X Song Pack	愛Dee	Ai Dee	Mitchie M	name_en	Ai Dee	name_en-fallback
auto	mod:X Song Pack	ストリーミングハート	Streaming Heart	DECO*27	name_en	Streaming Heart	name_en-fallback
auto	mod:X Song Pack	バビロン	Babylon	トーマ	name_en	Babylon	name_en-fallback
auto	mod:X Song Pack	ロストワンの号哭	The Lost One's Weeping	Neru	name_en	The Lost One's Weeping	name_en-fallback
auto	mod:X Song Pack	すろぉもぉしょん	Slow Motion	ピノキオピー	name_en	Slow Motion	name_en-fallback
auto	mod:X Song Pack	ウミユリ海底譚	Tale of the Deep-sea Lily	n-buna	name_en	Tale of the Deep-sea Lily	name_en-fallback
auto	mod:X Song Pack	恋愛裁判	Love Trial	40mP	name_en	Love Trial	name_en-fallback
auto	mod:X Song Pack	愛の詩	Love Song	ラマーズP	name_en	Love Song	name_en-fallback
auto	mod:X Song Pack	ツギハギスタッカート	Patchwork Stacatto	とあ	name_en	Patchwork Stacatto	name_en-fallback
auto	mod:X Song Pack	クノイチでも恋がしたい	Even a Kunoichi Needs Love	みきとP	name_en	Even a Kunoichi Needs Love	name_en-fallback
auto	mod:X Song Pack	紅一葉	A Single Red Leaf	黒うさ	name_en	A Single Red Leaf	name_en-fallback
auto	mod:X Song Pack	聖槍爆裂ボーイ	Holy Lance Explosion Boy	れるりり・もじゃ	name_en	Holy Lance Explosion Boy	name_en-fallback
auto	mod:X Song Pack	卑怯戦隊うろたんだー	Urotander, Underhanded Rangers	シンP	name_en	Urotander, Underhanded Rangers	name_en-fallback
auto	mod:X Song Pack	Mrs.Pumpkinの滑稽な夢	Humorous Dream of Mrs. Pumpkin	ハチ	name_en	Humorous Dream of Mrs. Pumpkin	name_en-fallback
auto	mod:X Song Pack	独りんぼエンヴィー	Solitary Envy	koyori	name_en	Solitary Envy	name_en-fallback
auto	mod:X Song Pack	ラズベリー＊モンスター	Raspberry＊Monster	Gom	name_en	Raspberry＊Monster	name_en-fallback
auto	mod:X Song Pack	脳内革命ガール	Brain Revolution Girl	MARETU	name_en	Brain Revolution Girl	name_en-fallback
auto	mod:X Song Pack	罪の名前	Name of the Sin	ryo (supercell)	name_en	Name of the Sin	name_en-fallback
auto	mod:X Song Pack	キュート・メドレー ～アイドル サウンズ～	Cute Medley - Idol Sounds	Mitchie M	name_en	Cute Medley - Idol Sounds	name_en-fallback
auto	mod:X Song Pack	はじまりのメドレー 〜プライマリーカラーズ〜	Beginning Medley - Primary Colors	OSTER project	name_en	Beginning Medley - Primary Colors	name_en-fallback
auto	mod:X Song Pack	クール・メドレー ～サイバーロックジャム～	Cool Medley - Cyber Rock Jam	wowaka, ライブP, ゆうゆ, ゆよゆっぺ, n,k	name_en	Cool Medley - Cyber Rock Jam	name_en-fallback
auto	mod:X Song Pack	ビューティ・メドレー 〜Glossy Mixture〜	Elegant Medley - Glossy Mixture	ELECTROCUTICA ,八王子P, Tripshots	name_en	Elegant Medley - Glossy Mixture	name_en-fallback
auto	mod:X Song Pack	カオス・メドレー ～ギガリミックス～	Quirky Medley - Giga-Remix	ぎがP/れをる, みきとP	name_en	Quirky Medley - Giga-Remix	name_en-fallback
auto	mod:X Song Pack	終極のメドレー ～超絶技巧暴走組曲～	Ending Medley - Ultimate Exquisite Rampage	wowaka, PolyphonicBranch, Storyteller	name_en	Ending Medley - Ultimate Exquisite Rampage	name_en-fallback
auto	mod:lavverso Song Pack	重音territory ～ずっとテトのターン	Kasane territory ～ Zutto Teto no Taan	ZUN	name_en	Kasane territory ～ Zutto Teto no Taan	name_en-fallback
auto	mod:lavverso Song Pack	振り子の幽霊	Furiko no Yuurei	mizian 81 end	name_en	Furiko no Yuurei	name_en-fallback
auto	mod:lavverso Song Pack	転生林檎	Reincarnation Apple	ピノキオピー	name_en	Reincarnation Apple	name_en-fallback
auto	mod:lavverso Song Pack	アップルドットコム	Apple dot com	ピノキオピー	name_en	Apple dot com	name_en-fallback
auto	mod:lavverso Song Pack	い〜やい〜やい〜や	Whatever Whatever Whatever	Neru	name_en	Whatever Whatever Whatever	name_en-fallback
auto	mod:lavverso Song Pack	ストロ→	Straw→	千石ナタデコ子	name_en	Straw→	name_en-fallback
auto	mod:lavverso Song Pack	酔いどれ知らず	Yoidore Shirazu	Kanaria	name_en	Yoidore Shirazu	name_en-fallback
auto	mod:lavverso Song Pack	ラヴィ	Lavie	すりぃ	name_en	Lavie	name_en-fallback
auto	mod:lavverso Song Pack	デビルじゃないもん	(Not) A Devil	DECO*27, ピノキオピー	name_en	(Not) A Devil	name_en-fallback
auto	mod:lavverso Song Pack	少女Aに夜露死苦	Bad Girl A	Mitchie M	name_en	Bad Girl A	name_en-fallback
auto	mod:lavverso Song Pack	うらめしヤッホー	URAMESHI YAHOO	和田たけあき	name_en	URAMESHI YAHOO	name_en-fallback
auto	mod:lavverso Song Pack	匿名M	Anonymous M	ピノキオピー	name_en	Anonymous M	name_en-fallback
auto	mod:lavverso Song Pack	MELODY LINE	Melody Line	SmileR	name_en	Melody Line	name_en-fallback
auto	mod:lavverso Song Pack	ヒガン	Higan	john	name_en	Higan	name_en-fallback
auto	mod:lavverso Song Pack	フロートプレイ	Float Play	稲葉曇	name_en	Float Play	name_en-fallback
auto	mod:lavverso Song Pack	耳のあるロボットの唄	Song of the Eared Robot	耳ロボP	name_en	Song of the Eared Robot	name_en-fallback
auto	mod:Project Hoshikuzu - Song Pack	乙女解剖	Otome Dissection	DECO*27	name_en	Otome Dissection	name_en-fallback
auto	mod:Project Hoshikuzu - Song Pack	威風堂々	Pomp and Circumstance - Ifuudoudou	梅とら	name_en	Pomp and Circumstance - Ifuudoudou	name_en-fallback
auto	mod:EdenMasochistPack	すーぱーぬこになれんかった	I Couldn't Become a Super Cat After All	まふまふ	name_en	I Couldn't Become a Super Cat After All	name_en-fallback
auto	mod:EdenMasochistPack	皆殺しのマジック	The Magic of Massacre	鬱P	name_en	The Magic of Massacre	name_en-fallback
auto	mod:EdenMasochistPack	マギサ	Magisa	wotaku	name_en	Magisa	name_en-fallback
auto	mod:EdenMasochistPack	ヤミナベ!!!!	Yaminabe!!!!	cosMo＠暴走P	name_en	Yaminabe!!!!	name_en-fallback
auto	mod:EdenMasochistPack	終焉≠カタルシス	Demise ≠ Catharsis	ろひP	name_en	Demise ≠ Catharsis	name_en-fallback
auto	mod:EdenMasochistPack	好き好き好き好き好き好き好き好き好き	sukisukisukisukisukisukisukisukisukisuki	ピノキオピー	name_en	sukisukisukisukisukisukisukisukisukisuki	name_en-fallback
auto	mod:EdenMasochistPack	帝国少女	Imperial Girl	R Sound Design	name_en	Imperial Girl	name_en-fallback
auto	mod:EdenMasochistPack	熱異常	Heat abnormal	いよわ	name_en	Heat abnormal	name_en-fallback
auto	mod:Birdbrain	バードブレイン	BIRDBRAIN	Jamie Paige/OK Glass/Ash Taylor	name_en	BIRDBRAIN	name_en-fallback
auto	mod:PolterVocaloidSongPack1.1.1	恐怖ガーデン	Fear Garden	ちゃぁ	name_en	Fear Garden	name_en-fallback
auto	mod:PolterVocaloidSongPack1.1.1	キュートなカノジョ	Cute Na Kanojo	手動	name_en	Cute Na Kanojo	name_en-fallback
auto	mod:PolterVocaloidSongPack1.1.1	あぁあぁあぁああぁあぁああぁ	AaAaAaAAaAaAAa	梨本うい	name_en	AaAaAaAAaAaAAa	name_en-fallback
auto	mod:PolterVocaloidSongPack1.1.1	肺超微細珪火山症	Pneumonoultramicroscopicsilicovolcanoconiosis	だす	name_en	Pneumonoultramicroscopicsilicovolcanoconiosis	name_en-fallback
auto	mod:PolterVocaloidSongPack1.1.1	いますぐ輪廻	Retry Now	なきそ	name_en	Retry Now	name_en-fallback
auto	mod:PolterVocaloidSongPack1.1.1	モニタリング	Monitoring	デコ・ニーナ	name_en	Monitoring	name_en-fallback
auto	mod:PolterVocaloidSongPack1.1.1	物をぱらぱら壊す	Breaking Things Into Pieces	きくお	name_en	Breaking Things Into Pieces	name_en-fallback
auto	mod:PolterVocaloidSongPack1.1.1	マトリョシカ	MATRYOSHKA	ハチ	name_en	MATRYOSHKA	name_en-fallback
auto	mod:PolterVocaloidSongPack1.1.1	失敗時代	FLOP ERA	えぴあえおん	name_en	FLOP ERA	name_en-fallback
auto	mod:PolterVocaloidSongPack1.1.1	静的	Static	ふれいばあfおうりい	name_en	Static	name_en-fallback
auto	mod:PolterVocaloidSongPack1.1.1	静的 - 再起動	Static - REBOOTED	ふれいばあfおうりい	name_en	Static - REBOOTED	name_en-fallback
auto	mod:PolterVocaloidSongPack1.1.1	代弁された	Spoken For	ふれいばあfおうりい	name_en	Spoken For	name_en-fallback
auto	mod:PolterVocaloidSongPack1.1.1	マネマネサイコトロピック	Fake Fake Psychotropic	かいりきベア	name_en	Fake Fake Psychotropic	name_en-fallback
auto	mod:PolterVocaloidSongPack1.1.1	ヴァルゴ	Virgo	なんとかP	name_en	Virgo	name_en-fallback
auto	mod:Cabra's Song Pack	カラカラカラのカラ	Kara Kara Kara no Kara	Kikuo	name_en	Kara Kara Kara no Kara	name_en-fallback
auto	mod:Cabra's Song Pack	街	City	jon-YAKITORY	name_en	City	name_en-fallback
auto	mod:Cabra's Song Pack	暗殺プリンセス	Assassin Princess	Mitchie M	name_en	Assassin Princess	name_en-fallback
auto	mod:Cabra's Song Pack	鉄の処女と夢見がちなお姫さま	The Iron Maiden and the Dreamy Princess	暗黒童話P(じょるじん)	name_en	The Iron Maiden and the Dreamy Princess	name_en-fallback
auto	mod:Cabra's Song Pack	君色に染まる	Dyed With Your Colors	TOKOTOKO(西沢さんP)	name_en	Dyed With Your Colors	name_en-fallback
auto	mod:Cabra's Song Pack	ラビットホール	Rabbit Hole	DECO*27	name_en	Rabbit Hole	name_en-fallback
auto	mod:Cabra's Song Pack	メデ	Mayday	ユリイ・カノン	name_en	Mayday	name_en-fallback
auto	mod:Cabra's Song Pack	ビビビビ	Be Be Be Be!	フロクロ	name_en	Be Be Be Be!	name_en-fallback
auto	mod:Cabra's Song Pack	キミのことが好きでゴメンナサイ	Kimi no Koto ga Suki de Gomennasai	うたたP	name_en	Kimi no Koto ga Suki de Gomennasai	name_en-fallback
auto	mod:Cabra's Song Pack	ロードローラー・スタンピード	RoadRoLLeR Stampede	アンメルツP	name_en	RoadRoLLeR Stampede	name_en-fallback
auto	mod:Cabra's Song Pack	ラストダンス	Last Dance	Eve	name_en	Last Dance	name_en-fallback
auto	mod:Cabra's Song Pack	アガペーハッピー	Agape Happy	柊キライ	name_en	Agape Happy	name_en-fallback
auto	mod:Cabra's Song Pack	ラブカ？	Love Ka?	柊キライ	name_en	Love Ka?	name_en-fallback
auto	mod:Cabra's Song Pack	ハレハレヤ	Harehare Ya	羽生まゐご	name_en	Harehare Ya	name_en-fallback
auto	mod:Cabra's Song Pack	おおかみなんかこわくないッ!	Wolves Aren't Scary!	OSTER Project	name_en	Wolves Aren't Scary!	name_en-fallback
auto	mod:Cabra's Song Pack	アリババ	Ali Baba	柊キライ	name_en	Ali Baba	name_en-fallback
auto	mod:Cabra's Song Pack	ヴェノマニア公の狂気	The Lunacy of Duke Venomania	mothy	name_en	The Lunacy of Duke Venomania	name_en-fallback
auto	mod:zombzach's song pack	私は雨	I'm the Rain	稲葉曇	name_en	I'm the Rain	name_en-fallback
auto	mod:zombzach's song pack	妄想感傷代償連盟 - HIMEHINA & AZKi cover	Delusional Sentimental Compensation Federation - HIMEHINA & AZKi cover	DECO*27	name_en	Delusional Sentimental Compensation Federation - HIMEHINA & AZKi cover	name_en-fallback
auto	mod:zombzach's song pack	1000年生きてる	Living Millennium	いよわ	name_en	Living Millennium	name_en-fallback
auto	mod:zombzach's song pack	絶対敵対メチャキライヤー	Unfriendly Hater	メドミア	name_en	Unfriendly Hater	name_en-fallback
auto	mod:zombzach's song pack	ルーマー	Rumor	ポリスピカデリー	name_en	Rumor	name_en-fallback
auto	mod:zombzach's song pack	うぉんちゅーばっど	Want You Bad	jon-YAKITORY	name_en	Want You Bad	name_en-fallback
auto	mod:zombzach's song pack	Aじゃないか	Isn't it "A"	ピノキオピ	name_en	Isn't it "A"	name_en-fallback
auto	mod:zombzach's song pack	オセロ	Othello	眞塩楓	name_en	Othello	name_en-fallback
auto	mod:zombzach's song pack	サイバーパンクデッドボーイ	Cyberpunk Dead Boy	マイキP	name_en	Cyberpunk Dead Boy	name_en-fallback
auto	mod:zombzach's song pack	バグってない?	It's not buggy	すりい	name_en	It's not buggy	name_en-fallback
auto	mod:zombzach's song pack	ころしちゃった!	Messed up!	夏山よつぎ	name_en	Messed up!	name_en-fallback
auto	mod:zombzach's song pack	成敗いたAAAAAす！	Seibai ItaAAAAAsu!	Wonderful☆Opportunity	name_en	Seibai ItaAAAAAsu!	name_en-fallback
auto	mod:zombzach's song pack	ひつじがいっぴき	One Sheep	Peg	name_en	One Sheep	name_en-fallback
auto	mod:zombzach's song pack	ダイジョブですか？	Daijoubu desu ka?	cosMo@bousouP	name_en	Daijoubu desu ka?	name_en-fallback
auto	mod:zombzach's song pack	病み垢ステロイド	Yamiaka Steroid	かいりきベア	name_en	Yamiaka Steroid	name_en-fallback
auto	mod:zombzach's song pack	エンパープル	Empurple	はるまきごはん	name_en	Empurple	name_en-fallback
auto	mod:zombzach's song pack	ハオ	HAO	DECO*27	name_en	HAO	name_en-fallback
auto	mod:zombzach's song pack	ルーキー	Rookie	DECO*27	name_en	Rookie	name_en-fallback
auto	mod:zombzach's song pack	あいたい星人	Aitai-lians	DECO*27	name_en	Aitai-lians	name_en-fallback
auto	mod:Doatz Song Pack	アンビバレンツ	Ambivalent		name_en	Ambivalent	name_en-fallback
auto	mod:Doatz Song Pack	おじゃま虫II	Stickybug II	DECO*27	name_en	Stickybug II	name_en-fallback
auto	mod:Doatz Song Pack	自己愛性カワイズム	Narcissism Kawaism	Mitchie M	name_en	Narcissism Kawaism	name_en-fallback
auto	mod:Doatz Song Pack	アンチビート	Anti Beat	DECO*27	name_en	Anti Beat	name_en-fallback
auto	mod:Doatz Song Pack	映えない	Not Photogenic	鬱P	name_en	Not Photogenic	name_en-fallback
auto	mod:Doatz Song Pack	giga戯画witch	Giga Cartoon Witch	黒澤まどか	name_en	Giga Cartoon Witch	name_en-fallback
auto	mod:Doatz Song Pack	ホワイトハッピー	White Happy	MARETU	name_en	White Happy	name_en-fallback
auto	mod:Doatz Song Pack	チョコレイト日和	A Perfect Day for Chocolate	Polymorhpic Branch	name_en	A Perfect Day for Chocolate	name_en-fallback
auto	mod:Doatz Song Pack	おはよう元年	Good Morning, First Year	ラマーズP	name_en	Good Morning, First Year	name_en-fallback
auto	mod:Doatz Song Pack	ATARI FRONT PROGRAM Feat. 可不	ATARI FRONT PROGRAM Feat. KAFU	鬱P	name_en	ATARI FRONT PROGRAM Feat. KAFU	name_en-fallback
auto	mod:Doatz Song Pack	音偽バナシ	Fakery Tale	DECO*27	name_en	Fakery Tale	name_en-fallback
auto	mod:Doatz Song Pack	サイコグラム	Psychogram	DECO*27	name_en	Psychogram	name_en-fallback
auto	mod:Doatz Song Pack	ずれていく	Out of Step	wowaka	name_en	Out of Step	name_en-fallback
auto	mod:Doatz Song Pack	はらぺこなんです！！	I am Hungry!!	cosMo＠暴走P	name_en	I am Hungry!!	name_en-fallback
auto	mod:Doatz Song Pack	グランブル	Grumble	NIL	name_en	Grumble	name_en-fallback
auto	mod:Doatz Song Pack	不埒な喝采 Feat.可不	Unscrupulous Cheers Feat. KAFU	ポリスピカデリー	name_en	Unscrupulous Cheers Feat. KAFU	name_en-fallback
auto	mod:Doatz Song Pack	破壊少女 Feat. 狐子	Girl of Destruction Feat. COKO	香椎モイミ	name_en	Girl of Destruction Feat. COKO	name_en-fallback
auto	mod:Doatz Song Pack	あんたにあっかんべ	I'll Stick My Tongue Out At You	一二三	name_en	I'll Stick My Tongue Out At You	name_en-fallback
auto	mod:Doatz Song Pack	Datte Feat. 夏色花梨	Datte Feat. Natsuki Karin	ゆよゆっぺ	name_en	Datte Feat. Natsuki Karin	name_en-fallback
auto	mod:Doatz Song Pack	Boi Feat. 可不	Boi Feat. KAFU	ポリスピカデリー	name_en	Boi Feat. KAFU	name_en-fallback
auto	mod:Doatz Song Pack	色彩 Feat. 可不	Colors Feat. KAFU	ATOLS	name_en	Colors Feat. KAFU	name_en-fallback
auto	mod:Doatz Song Pack	アンサー Feat. 花譜	Answer Feat. KAF	カンザキイオリ	name_en	Answer Feat. KAF	name_en-fallback
auto	mod:Doatz Song Pack	イナくなっちゃえ大作戦	DOMESTIC Revenger	みつあくま	name_en	DOMESTIC Revenger	name_en-fallback
auto	mod:Doatz Song Pack	汚れっちまった、哀しみに…（笑）	Iron Irony	みつあくま	name_en	Iron Irony	name_en-fallback
auto	mod:Doatz Song Pack	花となれ Feat. 可不	Become a Flower Feat. KAFU	雄之助	name_en	Become a Flower Feat. KAFU	name_en-fallback
auto	mod:Doatz Song Pack	かふたんがカレーうどんを食べたがっている	Kafu-tan Wants to Eat Curry Udon	榊みむ	name_en	Kafu-tan Wants to Eat Curry Udon	name_en-fallback
auto	mod:Doatz Song Pack	リセットなの。Feat. 可不	Reset Feat. KAFU	とあ	name_en	Reset Feat. KAFU	name_en-fallback
auto	mod:Doatz Song Pack	女の子になりたい	I wanna be a Girl	まふまふ	name_en	I wanna be a Girl	name_en-fallback
auto	mod:Doatz Song Pack	アネモネ	Anemone	Mitsu Akuma	name_en	Anemone	name_en-fallback
auto	mod:Doatz Song Pack	アイムハイ	I'm high	MARETU	name_en	I'm high	name_en-fallback
auto	mod:Doatz Song Pack	デビルズデビル Feat. フラワ ・ 可不	Devil's Devil Feat. Flower & KAFU	前線	name_en	Devil's Devil Feat. Flower & KAFU	name_en-fallback
auto	mod:Doatz Song Pack	Dance Deggee Feat. 可不	Dance Deggee Feat. KAFU	前線	name_en	Dance Deggee Feat. KAFU	name_en-fallback
auto	mod:Doatz Song Pack	リセットシンドローム Feat. 狐子	Reset Syndrome Feat. COKO	HiFi-P	name_en	Reset Syndrome Feat. COKO	name_en-fallback
auto	mod:Doatz Song Pack	LOVE&POPS Feat. 可不	LOVE&POPS Feat. KAFU	飽海	name_en	LOVE&POPS Feat. KAFU	name_en-fallback
auto	mod:Doatz Song Pack	身体は正直だって言ってんの	Just saying, the body is honest	式浦。, ice	name_en	Just saying, the body is honest	name_en-fallback
auto	mod:Doatz Song Pack	[un]INSOMNIA Feat. 結月ゆかり	[un]INSOMNIA Feat. Yuzuki Yukari	LIQ	name_en	[un]INSOMNIA Feat. Yuzuki Yukari	name_en-fallback
auto	mod:Doatz Song Pack	狐の通り道 Feat. 狐子	Fox's Path Feat. COKO	ねり	name_en	Fox's Path Feat. COKO	name_en-fallback
auto	mod:Doatz Song Pack	バタフライエンド	Butterfly End	フユウ	name_en	Butterfly End	name_en-fallback
auto	mod:Doatz Song Pack	星を繋ぐ	Connecting the Stars	40mP	name_en	Connecting the Stars	name_en-fallback
auto	mod:Doatz Song Pack	アンドロイドガール	Android Girl	DECO*27	name_en	Android Girl	name_en-fallback
auto	mod:Doatz Song Pack	倍速視聴：1分あれば十分さ Feat. 小春六花	Double speed viewing: 1 minute is enough Feat. Rikka	オワタP	name_en	Double speed viewing: 1 minute is enough Feat. Rikka	name_en-fallback
auto	mod:Doatz Song Pack	フォニイ Feat. 可不	Phony Feat. KAFU	ツミキ	name_en	Phony Feat. KAFU	name_en-fallback
auto	mod:Doatz Song Pack	ヒトリユラリ	Hitori Yurari	Kanaria	name_en	Hitori Yurari	name_en-fallback
auto	mod:Doatz Song Pack	愛して愛して愛して	Aishite Aishite Aishite	きくお	name_en	Aishite Aishite Aishite	name_en-fallback
auto	mod:Doatz Song Pack	トウテツ	Toutetsu	MARETU	name_en	Toutetsu	name_en-fallback
auto	mod:Doatz Song Pack	やったれ！音合戦	Yattare! Ongassen	まらしぃ	name_en	Yattare! Ongassen	name_en-fallback
auto	mod:Doatz Song Pack	メロウライト	Mellow Light	まらしぃ	name_en	Mellow Light	name_en-fallback
auto	mod:Doatz Song Pack	うみたがり	Umigatari	MARETU	name_en	Umigatari	name_en-fallback
auto	mod:Doatz Song Pack	ハッピーホロウと神様倶楽部	Happy Hollow to Kamisama Club	ほえほえP	name_en	Happy Hollow to Kamisama Club	name_en-fallback
auto	mod:Doatz Song Pack	ボルテッカー	Volt Tackle	DECO*27	name_en	Volt Tackle	name_en-fallback
auto	mod:Doatz Song Pack	見つかんない見つかんない	Missing, Missing	きくお	name_en	Missing, Missing	name_en-fallback
auto	mod:Doatz Song Pack	電気予報	Electricity Forecast	稲葉曇	name_en	Electricity Forecast	name_en-fallback
auto	mod:Doatz Song Pack	ミライどんなだろう	What Kind of Future	Mitchie M	name_en	What Kind of Future	name_en-fallback
auto	mod:Doatz Song Pack	ポケットのモンスター	The Pokémon Inside My Heart	ピノキオピ	name_en	The Pokémon Inside My Heart	name_en-fallback
auto	mod:Doatz Song Pack	君色マリンスノウ	Colorful Marine Snow	Carlos Hakamada	name_en	Colorful Marine Snow	name_en-fallback
auto	mod:Doatz Song Pack	ぽかぽかの星	Poka Poka Planet	春卷饭	name_en	Poka Poka Planet	name_en-fallback
auto	mod:Doatz Song Pack	アイ	Ai	DECO*27	name_en	Ai	name_en-fallback
auto	mod:Doatz Song Pack	四角い地球を丸くする	Round off the Square Earth	TOKOTOKO	name_en	Round off the Square Earth	name_en-fallback
auto	mod:Doatz Song Pack	スターナイトスノウ	Star Night Snow	Orangestar	name_en	Star Night Snow	name_en-fallback
auto	mod:Doatz Song Pack	雪がとける前に	Before the Snow Melts	doriko	name_en	Before the Snow Melts	name_en-fallback
auto	mod:Doatz Song Pack	好き！雪！本気マジック	Love! Snow! Really Magic	Mitchie M	name_en	Love! Snow! Really Magic	name_en-fallback
auto	mod:Doatz Song Pack	酒呑童子	Shutendouji	豆カカオ	name_en	Shutendouji	name_en-fallback
auto	mod:Doatz Song Pack	うみなおし	Uminaoshi	MARETEU	name_en	Uminaoshi	name_en-fallback
auto	mod:Doatz Song Pack	あいしていたのに	Even Though I Had Loved You	MARETU	name_en	Even Though I Had Loved You	name_en-fallback
auto	mod:Doatz Song Pack	きみとそらをとぶ	Fly in the Sky With You	傘村トータ	name_en	Fly in the Sky With You	name_en-fallback
auto	mod:Doatz Song Pack	少女ケシゴム	Girl Eraser	MARETU	name_en	Girl Eraser	name_en-fallback
auto	mod:Doatz Song Pack	ニャン黙の了解	Nyan-Spoken Understanding	鬱P	name_en	Nyan-Spoken Understanding	name_en-fallback
auto	mod:Doatz Song Pack	戦闘！初音ミク	Battle! Hatsune Miku	cosMo＠暴走P	name_en	Battle! Hatsune Miku	name_en-fallback
auto	mod:Doatz Song Pack	天照ラセ - 10th Anniversary ver. -	Amaterase - 10th Anniversary ver. -	まらしぃ	name_en	Amaterase - 10th Anniversary ver. -	name_en-fallback
auto	mod:Doatz Song Pack	ガッチュー！	I GOT YOU!	Giga	name_en	I GOT YOU!	name_en-fallback
auto	mod:Doatz Song Pack	難聴系男子が倒せない	I Can't Win Against Dense Guys!	ラマーズP	name_en	I Can't Win Against Dense Guys!	name_en-fallback
auto	mod:Doatz Song Pack	ハッピーチートデー	Happy Cheat Day	れるりり	name_en	Happy Cheat Day	name_en-fallback
auto	mod:Doatz Song Pack	シェイディ・レイディ	Shady Lady	前線	name_en	Shady Lady	name_en-fallback
auto	mod:Doatz Song Pack	アマツキツネ - 10th anniversary -	Amatsu Kitsune - 10th anniversary -	まらしぃ	name_en	Amatsu Kitsune - 10th anniversary -	name_en-fallback
auto	mod:Doatz Song Pack	バイメーバイメー	Baimei Baimei	マイキP	name_en	Baimei Baimei	name_en-fallback
auto	mod:Doatz Song Pack	光よ	O Light	kikuo	name_en	O Light	name_en-fallback
auto	mod:Doatz Song Pack	俺ゴーストタイプ	I'm a Ghost Type	手動	name_en	I'm a Ghost Type	name_en-fallback
auto	mod:Doatz Song Pack	おぎゃりないざー	OGYARINIZER	Ponchi♪	name_en	OGYARINIZER	name_en-fallback
auto	mod:Doatz Song Pack	ひゅ〜どろどろ	Woo~oosh, Oozing	蜂屋ななし	name_en	Woo~oosh, Oozing	name_en-fallback
auto	mod:Doatz Song Pack	みつけた	FOUND YOU	罪草	name_en	FOUND YOU	name_en-fallback
auto	mod:Doatz Song Pack	むげんのチケット	Eon Ticket	marasy	name_en	Eon Ticket	name_en-fallback
auto	mod:Doatz Song Pack	ネコ通信	Cat Communication	isonosuke	name_en	Cat Communication	name_en-fallback
auto	mod:Doatz Song Pack	夕暮れの真相	The Truth of the Evening	白神真志朗	name_en	The Truth of the Evening	name_en-fallback
auto	mod:Doatz Song Pack	天使だと思っていたのに	I thought I was an Angel	鬱P	name_en	I thought I was an Angel	name_en-fallback
auto	mod:Doatz Song Pack	ノーブル・ローズ	NOBLE ROSE	ねじ式	name_en	NOBLE ROSE	name_en-fallback
auto	mod:Doatz Song Pack	U’まれてきてくれてありがとうございます.	U'marete Kite Kurete Arigatou.	やいり	name_en	U'marete Kite Kurete Arigatou.	name_en-fallback
auto	mod:Doatz Song Pack	わたし依存症	Watashi Izonsyou	AZ-アズ-	name_en	Watashi Izonsyou	name_en-fallback
auto	mod:Doatz Song Pack	たびのまえ、たびのあと	Journey's Prequels, Journey's Traces	いよわ	name_en	Journey's Prequels, Journey's Traces	name_en-fallback
auto	mod:Doatz Song Pack	エスパーエスパー	Psychic Psychic	ナユタン星人	name_en	Psychic Psychic	name_en-fallback
auto	mod:Doatz Song Pack	メロメロイド	Attractloid	かいりきベア	name_en	Attractloid	name_en-fallback
auto	mod:Doatz Song Pack	ゴー！ビッパ団	GO! Team BIPPA	Wonderful☆Opportunity	name_en	GO! Team BIPPA	name_en-fallback
auto	mod:Doatz Song Pack	新人類	New Human Race	まらしぃ, じん	name_en	New Human Race	name_en-fallback
auto	mod:Doatz Song Pack	ダメンズ ロープウェイ	Damens Ropeway	ねじ式	name_en	Damens Ropeway	name_en-fallback
auto	mod:Doatz Song Pack	リズの内心革命	Revolution of Liz's Innermost Heart	じっぷす	name_en	Revolution of Liz's Innermost Heart	name_en-fallback
auto	mod:zombzach's song pack	エゴイスト	Egoist	大沼パセリ	name_en	Egoist	name_en-fallback
auto	mod:zombzach's song pack	ラヴリーアサシン	Lovely Assassin	香椎モイミ	name_en	Lovely Assassin	name_en-fallback
auto	mod:zombzach's song pack	モエチャッカファイア	MoeChakkaFire	issey	name_en	MoeChakkaFire	name_en-fallback
auto	mod:zombzach's song pack	烈火	Rekka	niki	name_en	Rekka	name_en-fallback
auto	mod:zombzach's song pack	テトリス	Tetoris	柊マグネタイト	name_en	Tetoris	name_en-fallback
auto	mod:zombzach's song pack	嘘ミーム	Fake meme	ピノキオピー	name_en	Fake meme	name_en-fallback
auto	mod:zombzach's song pack	キラー	Killer	夏代孝明	name_en	Killer	name_en-fallback
auto	mod:zombzach's song pack	そこに在る、光。	Soko ni Aru, Hikari	DECO*27	name_en	Soko ni Aru, Hikari	name_en-fallback
auto	mod:zombzach's song pack	アンチユー	ANTI YOU	Chinozo	name_en	ANTI YOU	name_en-fallback
auto	mod:zombzach's song pack	撫でんな	Pet Me	柊マグネタイト	name_en	Pet Me	name_en-fallback
auto	mod:zombzach's song pack	ダイダイダイダイダイキライ	I Hate-Hate-Hate-Hate-Hate it!	雨良	name_en	I Hate-Hate-Hate-Hate-Hate it!	name_en-fallback
auto	mod:zombzach's song pack	フュージョン	Fusion	DECO*27	name_en	Fusion	name_en-fallback
auto	mod:zombzach's song pack	虚無さん	Nihil-san	¿?shimon	name_en	Nihil-san	name_en-fallback
auto	mod:zombzach's song pack	フィッシュアンドTips	Fish and Tips	Dopam!ne	name_en	Fish and Tips	name_en-fallback
auto	mod:zombzach's song pack	キスキツネ	Kiss Kitsune	南田健吾	name_en	Kiss Kitsune	name_en-fallback
auto	mod:zombzach's song pack	バブリン	Bubblin	5u5h1	name_en	Bubblin	name_en-fallback
auto	mod:Nitori's Song Pack	恋のディスコ・クイーン	Koi no DISCO QUEEN	SEGA SOUND TEAM	name_en	Koi no DISCO QUEEN	name_en-fallback
auto	mod:Nitori's Song Pack	ばかみたい	Baka Mitai	福山光原	name_en	Baka Mitai	name_en-fallback
auto	mod:Nitori's Song Pack	JUDGEMENT -審判- (Full Spec Edition)	Judgement -Shinpan- (Full Spec Edition)	Hyd Lunch	name_en	Judgement -Shinpan- (Full Spec Edition)	name_en-fallback
auto	mod:Nitori's Song Pack	ネハンシカ	Nehanshika	ネハンシカP / Deino	name_en	Nehanshika	name_en-fallback
auto	mod:Nitori's Song Pack	HANN	HANN (Alone)	(G)I-dle	name_en	HANN (Alone)	name_en-fallback
auto	mod:Nitori's Song Pack	るるちゃんの自殺配信	Ruru's Suicide Show On A Livestream	神聖かまってちゃん	name_en	Ruru's Suicide Show On A Livestream	name_en-fallback
auto	mod:Nitori's Song Pack	24時間シンデレラ (Full Spec Edition)	24-hour Cinderella (Full Spec Edition)	ZENTA	name_en	24-hour Cinderella (Full Spec Edition)	name_en-fallback
auto	mod:Nitori's Song Pack	ピプパペット	Pip Puppet	r-906	name_en	Pip Puppet	name_en-fallback
auto	mod:Nitori's Song Pack	ナイト・オブ・ナイツ (Cranky Remix)	Night of Knights (Cranky Remix)	ビートまりお × Cranky	name_en	Night of Knights (Cranky Remix)	name_en-fallback
auto	mod:Nitori's Song Pack	はなゆりかご	Hana Yurikago	iroha(sasaki)	name_en	Hana Yurikago	name_en-fallback
auto	mod:Nitori's Song Pack	イワシが土から生えてくるんだ	A Sardine Grows from the Soil	???????	name_en	A Sardine Grows from the Soil	name_en-fallback
auto	mod:Nitori's Song Pack	インベーダーインベーダー	Invader Invader	きゃりーぱみゅぱみゅ	name_en	Invader Invader	name_en-fallback
auto	mod:Nitori's Song Pack	雷神の左腕	Raijin no Hidariude	サウンドホライズン	name_en	Raijin no Hidariude	name_en-fallback
auto	mod:Nitori's Song Pack	夏祭り- 鬱P Ver	Natsu Matsuri - UtsuP Ver	鬱P	name_en	Natsu Matsuri - UtsuP Ver	name_en-fallback
auto	mod:Nitori's Song Pack	病名は愛だった	The Disease Called Love	Neru & z'5	name_en	The Disease Called Love	name_en-fallback
auto	mod:Nitori's Song Pack	一騎当千	Matchless Warriors	梅とら	name_en	Matchless Warriors	name_en-fallback
auto	mod:Nitori's Song Pack	LaLaL危	LaLaLove	梅とら	name_en	LaLaLove	name_en-fallback
auto	mod:Nitori's Song Pack	ガールズドラゴンロード	Girl's Dragon Road	左手	name_en	Girl's Dragon Road	name_en-fallback
auto	mod:Nitori's Song Pack	砂糖陰謀論	Sugar Conspiracy Theory	MAX	name_en	Sugar Conspiracy Theory	name_en-fallback
auto	mod:Nitori's Song Pack	宵々古今	YoiYoi Kokon	Reol	name_en	YoiYoi Kokon	name_en-fallback
auto	mod:Nitori's Song Pack	バブル (Full Spec Edition)	Bubble (Full Spec Edition)	湘南乃風	name_en	Bubble (Full Spec Edition)	name_en-fallback
auto	mod:Nitori's Song Pack	少女A	Young Girl A	ぽわぽわP	name_en	Young Girl A	name_en-fallback
auto	mod:Nitori's Song Pack	僕らのつづき	Bokura no Tsuzuki	じょん	name_en	Bokura no Tsuzuki	name_en-fallback
auto	mod:Nitori's Song Pack	しかばねの踊り	Dance of the Corpses	きくお	name_en	Dance of the Corpses	name_en-fallback
auto	mod:Nitori's Song Pack	ホドモエシティ	Driftveil City	佐藤仁美	name_en	Driftveil City	name_en-fallback
auto	mod:Nitori's Song Pack	ホントノ	Honto no	原口沙輔	name_en	Honto no	name_en-fallback
auto	mod:Nitori's Song Pack	オトナブルー	OTONABLUE	新しい学校のリーダーズ	name_en	OTONABLUE	name_en-fallback
auto	mod:Nitori's Song Pack	ハイファイレイヴァー	Hi-Fi Raver	EasyPop	name_en	Hi-Fi Raver	name_en-fallback
auto	mod:Nitori's Song Pack	腐れ外道とチョコレゐト	Rotten Heresy and Chocolate	ピノキオピー	name_en	Rotten Heresy and Chocolate	name_en-fallback
auto	mod:Nitori's Song Pack	超最終鬼畜妹フランドール・S	Chou Saishuu kichiku imouto Flandre-S	beatMARIO, Maron	name_en	Chou Saishuu kichiku imouto Flandre-S	name_en-fallback
auto	mod:Nitori's Song Pack	宗教	Shuukyou -Religion-	椎名林檎	name_en	Shuukyou -Religion-	name_en-fallback
auto	mod:Nitori's Song Pack	↑人生ゲーム↓	↑Jinsei Game↓	ゆずひこ	name_en	↑Jinsei Game↓	name_en-fallback
auto	mod:Nitori's Song Pack	死んでいます	Shindeimasu	44e-prone	name_en	Shindeimasu	name_en-fallback
auto	mod:Nitori's Song Pack	すすすす、すき、だあいすき 【かたほとりMIX】	I Like You, I Love You [Katahotori MIX]	かたほとりP, Katahotori	name_en	I Like You, I Love You [Katahotori MIX]	name_en-fallback
auto	mod:Nitori's Song Pack	落日	Rakujitsu -Dusk-	東京事変	name_en	Rakujitsu -Dusk-	name_en-fallback
auto	mod:Nitori's Song Pack	くるくるぱぁ	Kuru Kuru Pa	ラマーズP	name_en	Kuru Kuru Pa	name_en-fallback
auto	mod:Nitori's Song Pack	ササメク (remodel for alpa)	Sasameku (remodel for alpa)	椎名もた	name_en	Sasameku (remodel for alpa)	name_en-fallback
auto	mod:Nitori's Song Pack	ヤババイナ	YABABAINA	さたぱんP	name_en	YABABAINA	name_en-fallback
auto	mod:Nitori's Song Pack	インターネッツ・ディスコ	Internets Disco	buzzG	name_en	Internets Disco	name_en-fallback
auto	mod:Nitori's Song Pack	は？お前ほんとマジお前分かってねえわマジで一旦とりあえず聞けってマジ	kawaiiorei	D.J.ァネイロ	name_en	kawaiiorei	name_en-fallback
auto	mod:Nitori's Song Pack	13階段のすべりだい	13 Stairs	ばぶちゃん	name_en	13 Stairs	name_en-fallback
auto	mod:Onneb's Song Pack	ハイスピードユニヴァース	High-Speed Universe	テンタクル忍者	name_en	High-Speed Universe	name_en-fallback
auto	mod:Onneb's Song Pack	悪戯センセーション	Itazura Sensation	森羅万象	name_en	Itazura Sensation	name_en-fallback
auto	mod:Onneb's Song Pack	きゅびびびびずむ	Cubibibibism	原口沙輔	name_en	Cubibibibism	name_en-fallback
auto	mod:Onneb's Song Pack	バグ	Bug	かいりきベア	name_en	Bug	name_en-fallback
auto	mod:Onneb's Song Pack	キラー (セカイVer.)	Killer (Sekai Ver.)	夏代孝明	name_en	Killer (Sekai Ver.)	name_en-fallback
auto	mod:Onneb's Song Pack	つよがるガール	Tsuyogaru Girl	ぼっちぼろまる	name_en	Tsuyogaru Girl	name_en-fallback
auto	mod:Onneb's Song Pack	気まぐれメルシィ (セカイVer.)	Kimagure Mercy (Sekai Ver.)	八王子P	name_en	Kimagure Mercy (Sekai Ver.)	name_en-fallback
auto	mod:Onneb's Song Pack	レッドラインシンドローム	Redline Syndrome	ルシノ	name_en	Redline Syndrome	name_en-fallback
auto	mod:Onneb's Song Pack	やんなっちゃう！	Feel Empty!	ミ瑞	name_en	Feel Empty!	name_en-fallback
auto	mod:Onneb's Song Pack	煉情ミスティフィリア	Renjou Mystiphilia	Sakamiya feat.一花	name_en	Renjou Mystiphilia	name_en-fallback
auto	mod:Onneb's Song Pack	ノンブレス・オブリージュ (セカイVer.)	Non-Breath Oblige (Sekai Ver.)	ピノキオピー	name_en	Non-Breath Oblige (Sekai Ver.)	name_en-fallback
auto	mod:Onneb's Song Pack	抜錨 (セカイVer.)	Batsubyou (Sekai Ver.)	ナナホシ管弦楽団	name_en	Batsubyou (Sekai Ver.)	name_en-fallback
auto	mod:Onneb's Song Pack	エゴイスト (セカイVer.)	EGOIST (Sekai Ver.)	大沼パセリ	name_en	EGOIST (Sekai Ver.)	name_en-fallback
auto	mod:Onneb's Song Pack	スヂ	Suji	MARETU	name_en	Suji	name_en-fallback
auto	mod:Onneb's Song Pack	オペラ！スペースオペラ！ (セカイVer.)	Opera! Space Opera! (Sekai Ver.)	ナユタン星人	name_en	Opera! Space Opera! (Sekai Ver.)	name_en-fallback
auto	mod:Onneb's Song Pack	ボーカロイドボサノバメドレー	Vocaloid Bossa Nova Medley		name_en	Vocaloid Bossa Nova Medley	name_en-fallback
auto	mod:Onneb's Song Pack	アンデッドアリス	Undead Alice	DECO*27	name_en	Undead Alice	name_en-fallback
auto	mod:Onneb's Song Pack	ひみつ気分	Himitsu Kibun	なきそ	name_en	Himitsu Kibun	name_en-fallback
auto	mod:Onneb's Song Pack	ぐるぐるめろメロディ♪	Groove Groove melo-melody♪	キノシタ	name_en	Groove Groove melo-melody♪	name_en-fallback
auto	mod:Onneb's Song Pack	ヤムヤム!ピザ！	Yum-Yum! Pizza!	ねこだいすきP	name_en	Yum-Yum! Pizza!	name_en-fallback
auto	mod:Onneb's Song Pack	フューエル (セカイVer.)	Fuel (Sekai Ver.)	鬱P	name_en	Fuel (Sekai Ver.)	name_en-fallback
auto	mod:Onneb's Song Pack	アイドル	Idol	YOASOBI	name_en	Idol	name_en-fallback
auto	mod:Onneb's Song Pack	Voices (セカイVer.)	Voices (Sekai Ver.)	ゆよゆっぺ	name_en	Voices (Sekai Ver.)	name_en-fallback
auto	mod:Onneb's Song Pack	熱異常 (セカイVer.)	Heat abnormal (Sekai Ver.)	いよわ	name_en	Heat abnormal (Sekai Ver.)	name_en-fallback
auto	mod:Onneb's Song Pack	人間らしい	Humanly	ユリイ・カノン	name_en	Humanly	name_en-fallback
auto	mod:Onneb's Song Pack	おかあさん	Okaasan	マチゲリータP	name_en	Okaasan	name_en-fallback
auto	mod:Onneb's Song Pack	サラバ、愛しき悲しみたちよ (Short Ver.)	Saraba, Itoshiki Kanashimitachi yo (Short Ver.)	ももいろクローバーZ	name_en	Saraba, Itoshiki Kanashimitachi yo (Short Ver.)	name_en-fallback
auto	mod:Onneb's Song Pack	テルミーアンサー	TELL ME ANSWER	キノシタ	name_en	TELL ME ANSWER	name_en-fallback
auto	mod:Onneb's Song Pack	人生マタタビ	Jinsei Matatabi	かいりきベア feat. ちくわ	name_en	Jinsei Matatabi	name_en-fallback
auto	mod:Onneb's Song Pack	シニタイちゃん	Shinitai-chan	すいっち	name_en	Shinitai-chan	name_en-fallback
auto	mod:Onneb's Song Pack	神のまにまに (セカイVer.)	At God's Mercy (Sekai Ver.)	れるりり	name_en	At God's Mercy (Sekai Ver.)	name_en-fallback
auto	mod:Onneb's Song Pack	オーバーライド	Override	吉田夜世	name_en	Override	name_en-fallback
auto	mod:alocin Song Pack	バッドシャーク	Bad Shark	niki	name_en	Bad Shark	name_en-fallback
auto	mod:alocin Song Pack	だれだおまえ	Dare da Omae	ラマーズP	name_en	Dare da Omae	name_en-fallback
auto	mod:alocin Song Pack	ひゅーどろ	Hyuudoro	タケノコ少年	name_en	Hyuudoro	name_en-fallback
auto	mod:alocin Song Pack	イフ	IF	ユリイ・カノン	name_en	IF	name_en-fallback
auto	mod:alocin Song Pack	JUMPIN' OVER！	JUMPIN' OVER!	r-906	name_en	JUMPIN' OVER!	name_en-fallback
auto	mod:alocin Song Pack	くうになる	Kuu ni Naru	MIMI	name_en	Kuu ni Naru	name_en-fallback
auto	mod:alocin Song Pack	メタモリボン	Metamo Re:born	emon(Tes.)	name_en	Metamo Re:born	name_en-fallback
auto	mod:alocin Song Pack	ピカピカ	Pikapika	n.k	name_en	Pikapika	name_en-fallback
auto	mod:alocin Song Pack	閻魔さまのいうとおり	Whatever Yama Says Goes	ピノキオピー	name_en	Whatever Yama Says Goes	name_en-fallback
auto	mod:alocin Song Pack	地団駄ビート	Jidanda Beat	まらしぃ	name_en	Jidanda Beat	name_en-fallback
auto	mod:alocin Song Pack	はしる! とおく! とどく!	Hashiru! Tooku! Todoku!	薄塩指数	name_en	Hashiru! Tooku! Todoku!	name_en-fallback
auto	mod:Kaito-Aiyumi SongPack3	ハジマリノサヨナラ	Beginning's Goodbye	HoneyWorks	name_en	Beginning's Goodbye	name_en-fallback
auto	mod:Kaito-Aiyumi SongPack3	今好きになる。	Right Now, I'm In Love With You.	HoneyWorks	name_en	Right Now, I'm In Love With You.	name_en-fallback
auto	mod:Kaito-Aiyumi SongPack3	ピエロ	Pierrot	KEI	name_en	Pierrot	name_en-fallback
auto	mod:Kaito-Aiyumi SongPack3	どうぶつ占い	Animal Divination	Scop	name_en	Animal Divination	name_en-fallback
auto	mod:Kaito-Aiyumi SongPack3	エレクトリック・マジック	Electric Magic	八王子P	name_en	Electric Magic	name_en-fallback
auto	mod:Kaito-Aiyumi SongPack3	ニュース39	News39	Mitchie M	name_en	News39	name_en-fallback
auto	mod:Kaito-Aiyumi SongPack3	どうぶつ占い - Mirai2013	Animal Divination - Mirai 2013	Scop	name_en	Animal Divination - Mirai 2013	name_en-fallback
auto	mod:noah's mini song pack 1	パンこげこげになっちゃった	My Bread was Burnt to a Crisp	picdo	name_en	My Bread was Burnt to a Crisp	name_en-fallback
auto	mod:noah's mini song pack 1	超限界バスター	Super Limit Buster	¿?shimon	name_en	Super Limit Buster	name_en-fallback
auto	mod:noah's mini song pack 1	すーぱーこんぷれっくす	Super Complex	¿?shimon	name_en	Super Complex	name_en-fallback
auto	mod:Miracle Girls Festival Chart Pack	太陽曰く燃えよカオス	The Sun Says "Burn, Chaos"	田中 秀和(MONACA)	name_en	The Sun Says "Burn, Chaos"	name_en-fallback
auto	mod:Miracle Girls Festival Chart Pack	恋は渾沌の隷也	Love is the Servant of Chaos	田中 秀和(MONACA)	name_en	Love is the Servant of Chaos	name_en-fallback
auto	mod:Miracle Girls Festival Chart Pack	ぽっぴんジャンプ♪	Poppin Jump♪	木村 有希	name_en	Poppin Jump♪	name_en-fallback
auto	mod:Miracle Girls Festival Chart Pack	とまどい→レシピ	Confusion→Recipe	Junky	name_en	Confusion→Recipe	name_en-fallback
auto	mod:Miracle Girls Festival Chart Pack	まっしろわーるど	Masshiro World	Junky	name_en	Masshiro World	name_en-fallback
auto	mod:Miracle Girls Festival Chart Pack	ゆりゆららららゆるゆり大事件	The YuruYuri Incident	イイジマケン	name_en	The YuruYuri Incident	name_en-fallback
auto	mod:Miracle Girls Festival Chart Pack	いぇす！ゆゆゆ☆ゆるゆり♪♪	Yes! YuYuYu☆YuruYuri♪♪	杉浦\ラフィン\誠一郎	name_en	Yes! YuYuYu☆YuruYuri♪♪	name_en-fallback
auto	mod:Miracle Girls Festival Chart Pack	も・ぎ・た・て♥フルーツガールズ	Mogitate ♥ Fruit Girls	山口 朗彦	name_en	Mogitate ♥ Fruit Girls	name_en-fallback
auto	mod:Miracle Girls Festival Chart Pack	コードレス☆照れ☆PHONE	CORDLESS☆TERE☆PHONE	谷 正太	name_en	CORDLESS☆TERE☆PHONE	name_en-fallback
auto	mod:Miracle Girls Festival Chart Pack	コトバ・カラフル	Kotoba・Colorful	千葉\naotyu-\直樹	name_en	Kotoba・Colorful	name_en-fallback
auto	mod:Miracle Girls Festival Chart Pack	コトバ・サガシタイ	Kotoba・Sagashitai	千葉\naotyu-\直樹	name_en	Kotoba・Sagashitai	name_en-fallback
auto	mod:Miracle Girls Festival Chart Pack	てさぐり部部歌	Tesaguri-Bu Bugou	井上 純一	name_en	Tesaguri-Bu Bugou	name_en-fallback
auto	mod:Miracle Girls Festival Chart Pack	タチアガレ！	Tachiagare!	神前 暁（MONACA）	name_en	Tachiagare!	name_en-fallback
auto	mod:Miracle Girls Festival Chart Pack	ブルー・フィールド	Blue Field	Heart's Cry	name_en	Blue Field	name_en-fallback
auto	mod:Miracle Girls Festival Chart Pack	ありふれたしあわせ	Everyday Happiness	神前 暁（MONACA）	name_en	Everyday Happiness	name_en-fallback
auto	mod:zombzach's song pack	ディジーディジー	Dizzy Dizzy	栗山夕璃	name_en	Dizzy Dizzy	name_en-fallback
auto	mod:zombzach's song pack	フィクサー	Fixer	ぬゆり	name_en	Fixer	name_en-fallback
auto	mod:zombzach's song pack	チェリーポップ	Cherry Pop	DECO*27	name_en	Cherry Pop	name_en-fallback
auto	mod:zombzach's song pack	うわがき	Write Over Me	いよわ	name_en	Write Over Me	name_en-fallback
auto	mod:Megpoid the Music# Song Pack	キリトリセン -Megpoid# Edit-	Cutoff Line -Megpoid# Edit-	40mp	name_en	Cutoff Line -Megpoid# Edit-	name_en-fallback
auto	mod:Megpoid the Music# Song Pack	十面相 -Megpoid# Edit-	Ten Faced -Megpoid# Edit-	YM	name_en	Ten Faced -Megpoid# Edit-	name_en-fallback
auto	mod:Megpoid the Music# Song Pack	レクイヱム -Megpoid# Edit-	Requiem -Megpoid# Edit-	ぺぺろんP	name_en	Requiem -Megpoid# Edit-	name_en-fallback
auto	mod:Megpoid the Music# Song Pack	キッチンでカッパがタニシ茹でてる -Megpoid# Edit-	A Kappa Is Boiling Slugs in My Kitchen -Megpoid# Edit-	家の裏でマンボウが死んでるP	name_en	A Kappa Is Boiling Slugs in My Kitchen -Megpoid# Edit-	name_en-fallback
auto	mod:Megpoid the Music# Song Pack	会いたい -Megpoid# Edit-	Aitai -Megpoid# Edit-	シグナルP	name_en	Aitai -Megpoid# Edit-	name_en-fallback
auto	mod:Yoru Song Pack	アルゴリズム的最適合法D**G	Algorithm-optimized methods D**G	ゆいなP	name_en	Algorithm-optimized methods D**G	name_en-fallback
auto	mod:Yoru Song Pack	ぜんぶけしちゃえ！	Erase everything!	えくしい	name_en	Erase everything!	name_en-fallback
auto	mod:Yoru Song Pack	ドーナツ	Donatsu	TAK / DORIDORI	name_en	Donatsu	name_en-fallback
auto	mod:Yoru Song Pack	かみさまちゃん	Kamisama-chan	ど～ぱみん	name_en	Kamisama-chan	name_en-fallback
auto	mod:Yoru Song Pack	この命を響かせたいと思ったのだ	I Have Determined to Make This Life Resound	Sheeno　Mirin	name_en	I Have Determined to Make This Life Resound	name_en-fallback
auto	mod:Yoru Song Pack	ちゅきちゅきポコポコポン	CHUKICHUKI POKOPOKO-PON	TAK	name_en	CHUKICHUKI POKOPOKO-PON	name_en-fallback
auto	mod:Yoru Song Pack	ラビットビット	Rabbit Bit	yowanecity	name_en	Rabbit Bit	name_en-fallback
auto	mod:Yoru Song Pack	ぐちゃぐちゃぬるぽ	Gucha Gucha Null Po	STEAKA	name_en	Gucha Gucha Null Po	name_en-fallback
auto	mod:lavverso Song Pack	気まぐれメルシィ	Kimagure Mercy	八王子P	name_en	Kimagure Mercy	name_en-fallback
auto	mod:lavverso Song Pack	人柱アリス	Alice Human Sacrifice	歪P	name_en	Alice Human Sacrifice	name_en-fallback
auto	mod:lavverso Song Pack	キャンディアディクトフルコォス	Candy Addict Full Course	マチゲリータP	name_en	Candy Addict Full Course	name_en-fallback
auto	mod:lavverso Song Pack	ggrks -ググれカス-	Go Google It	あー民P	name_en	Go Google It	name_en-fallback
auto	mod:lavverso Song Pack	ダンシング☆サムライ	Dancing☆Samurai	かにみそP	name_en	Dancing☆Samurai	name_en-fallback
auto	mod:Rinissa's Song Pack	百花繚乱	Hyakka Ryouran (TV size)	幾田りら	name_en	Hyakka Ryouran (TV size)	name_en-fallback
auto	mod:Rinissa's Song Pack	ファタール	Fatal (TV size)	キタニタツヤ	name_en	Fatal (TV size)	name_en-fallback
auto	mod:Rinissa's Song Pack	サッドガール・セックス	Sad Girl Sex	DECO*27	name_en	Sad Girl Sex	name_en-fallback
auto	mod:Rinissa's Song Pack	アンダーヒロイン	Under Heroine	ツユ	name_en	Under Heroine	name_en-fallback
auto	mod:Rinissa's Song Pack	過呼吸ダンス	Hyperventilation Dance	梨本うい	name_en	Hyperventilation Dance	name_en-fallback
auto	mod:Rinissa's Song Pack	シークレットひみつ	Secret HIMITSU	ピノキオピー	name_en	Secret HIMITSU	name_en-fallback
auto	mod:Rinissa's Song Pack	カリンーヨサ	Ang Carinosa	Steampianist	name_en	Ang Carinosa	name_en-fallback
auto	mod:Rinissa's Song Pack	パラサイト	Parasite	DECO*27	name_en	Parasite	name_en-fallback
auto	mod:Rinissa's Song Pack	404：虚像	404: False Image	蟹木しとお	name_en	404: False Image	name_en-fallback
auto	mod:Rinissa's Song Pack	シンデレラ (ギガりみっくす)	Cinderella (Giga First Night Remix)	DECO*27	name_en	Cinderella (Giga First Night Remix)	name_en-fallback
auto	mod:Rinissa's Song Pack	ふわり	Fuwari	MIMI	name_en	Fuwari	name_en-fallback
auto	mod:Rinissa's Song Pack	エリート	Elite	ちのぞー	name_en	Elite	name_en-fallback
auto	mod:Rinissa's Song Pack	なにやってもうまくいかない	Nothing's Working Out	meiyo	name_en	Nothing's Working Out	name_en-fallback
auto	mod:Rinissa's Song Pack	フォクス	FOCUS	KIRA	name_en	FOCUS	name_en-fallback
auto	mod:Rinissa's Song Pack	僕なんかいなくても	With or Without Me	ピノキオピー	name_en	With or Without Me	name_en-fallback
auto	mod:Rinissa's Song Pack	らんぐあじおふだろすと	Language of the Lost	R.I.P / RIProducer	name_en	Language of the Lost	name_en-fallback
auto	mod:Rinissa's Song Pack	君が生きてなくてよかった	Thanks for being Lifeless	ピノキオピー	name_en	Thanks for being Lifeless	name_en-fallback
auto	mod:Rinissa's Song Pack	ヴァンパイア	The Vampire	DECO*27	name_en	The Vampire	name_en-fallback
auto	mod:Rinissa's Song Pack	萬屋レストラン	Yorozuya Restaurant	暖炉P	name_en	Yorozuya Restaurant	name_en-fallback
auto	mod:Rinissa's Song Pack	気になるあいつは怪獣少年	My Crush Was a Monster Boy	Shokubai Phantom Girl	name_en	My Crush Was a Monster Boy	name_en-fallback
auto	mod:Rinissa's Song Pack	自我反逆ボーイ	Ego Renegade Boy	FLAVOR FOLEY	name_en	Ego Renegade Boy	name_en-fallback
auto	mod:Nitori's Song Pack	Thriller feat. 重音テト SV	Thriller feat. Kasane Teto SV	れとろtoふゅーちゃー	name_en	Thriller feat. Kasane Teto SV	name_en-fallback
auto	mod:NiStory Song Pack	ピニャコラーダ	Piña Colada	ねじ式	name_en	Piña Colada	name_en-fallback
auto	mod:NiStory Song Pack	キャンディークッキーチョコレート	CandyCookieChocolate	HALLO CEL	name_en	CandyCookieChocolate	name_en-fallback
auto	mod:NiStory Song Pack	いーあるふぁんくらぶ (Giga-P Remix)	1, 2 Fanclub (Giga-P Remix)	ギガP & おればななP	name_en	1, 2 Fanclub (Giga-P Remix)	name_en-fallback
auto	mod:NiStory Song Pack	アンチクロロベンゼン	Antichlorobenzene	オワタP	name_en	Antichlorobenzene	name_en-fallback
auto	mod:NiStory Song Pack	トキヲ・ファンカ	TOKIO FUNKA	takamatt	name_en	TOKIO FUNKA	name_en-fallback
auto	mod:Nitori's Song Pack	ビンジラスター	Binge Luster	X-Plorez	name_en	Binge Luster	name_en-fallback
auto	mod:Nitori's Song Pack	パラノイヤ	Paranoia	カラスヤサボウ	name_en	Paranoia	name_en-fallback
auto	mod:Nitori's Song Pack	私がモテないのはどう考えてもお前らが悪い! (TV size)	Watashi ga Motenai no wa Dou Kangaete mo Omaera ga Warui (TV size)	キバオブアキバ, 鈴木 このみ	name_en	Watashi ga Motenai no wa Dou Kangaete mo Omaera ga Warui (TV size)	name_en-fallback
auto	mod:Nitori's Song Pack	ミク	Miku	Anamanaguchi	name_en	Miku	name_en-fallback
auto	mod:Nitori's Song Pack	テリヤキ	Teriyaki	柊マグネタイト	name_en	Teriyaki	name_en-fallback
auto	mod:Nitori's Song Pack	残酷な天使のテーゼ (TV size)	A Cruel Angel's Thesis (TV size)	高橋 洋子	name_en	A Cruel Angel's Thesis (TV size)	name_en-fallback
auto	mod:Nitori's Song Pack	土屋的イワシがくる生活	In the soil, daily life with a sardine	saklz	name_en	In the soil, daily life with a sardine	name_en-fallback
auto	mod:Nitori's Song Pack	Gruppa krovi feat. 初音ミク	Gruppa krovi feat. Hatsune Miku	Кино / Andrew Ovcharenko	name_en	Gruppa krovi feat. Hatsune Miku	name_en-fallback
auto	mod:Nitori's Song Pack	チェリーハント feat. ルス	Cherry Hunt feat. Luz	奏音69	name_en	Cherry Hunt feat. Luz	name_en-fallback
auto	mod:Nitori's Song Pack	む	Mu	大漠波新	name_en	Mu	name_en-fallback
auto	mod:Nitori's Song Pack	メモリア	Memoria	Aira	name_en	Memoria	name_en-fallback
auto	mod:Nitori's Song Pack	ムニエル	Meunière	daniwell	name_en	Meunière	name_en-fallback
auto	mod:Nitori's Song Pack	最後のワンダーランド	Saigo no Wonderland	丸井幸清	name_en	Saigo no Wonderland	name_en-fallback
auto	mod:Nitori's Song Pack	デバッグドラッグ	Debug Drug	氷東	name_en	Debug Drug	name_en-fallback
auto	mod:Dystoria's Song Pack	祝福のLibrary	Shukufuku no Library	Valkyrie	name_en	Shukufuku no Library	name_en-fallback
auto	mod:Dystoria's Song Pack	アンダードッグ	UNDERDOG	Somari	name_en	UNDERDOG	name_en-fallback
auto	mod:Dystoria's Song Pack	あなたの空が泣くのなら	If your sky were to cry	Yuzy	name_en	If your sky were to cry	name_en-fallback
auto	mod:Dystoria's Song Pack	虚像のCarousel	Carousel of Imaginary Images	Mori Calliope × Reol	name_en	Carousel of Imaginary Images	name_en-fallback
auto	mod:Dystoria's Song Pack	幽霊船戦	Dead Ma'am's Chest	宝鐘マリン	name_en	Dead Ma'am's Chest	name_en-fallback
auto	mod:Dystoria's Song Pack	キャットラビング	Cat Loving	Kashii Moimi	name_en	Cat Loving	name_en-fallback
auto	mod:Dystoria's Song Pack	抜錨	Weigh anchor	Nanahoshi Kangengakudan	name_en	Weigh anchor	name_en-fallback
auto	mod:Dystoria's Song Pack	目撃！テト31世	Teto the 31st	HALLOCELL	name_en	Teto the 31st	name_en-fallback
auto	mod:Dystoria's Song Pack	匙ノ咒	Spoofull of SPELL	r-906	name_en	Spoofull of SPELL	name_en-fallback
auto	mod:Dystoria's Song Pack	ビースト・ダンス	Beast Dance	KurageP	name_en	Beast Dance	name_en-fallback
auto	mod:Dystoria's Song Pack	カレーニナ	Karenina	柊キライ	name_en	Karenina	name_en-fallback
auto	mod:Dystoria's Song Pack	マインドブランド	Mind Brand	Maretu	name_en	Mind Brand	name_en-fallback
auto	mod:Dystoria's Song Pack	駅前	Ekimae -A station-	東京事変	name_en	Ekimae -A station-	name_en-fallback
auto	mod:Dystoria's Song Pack	愛属性	Love Attribute	PinnochioP	name_en	Love Attribute	name_en-fallback
auto	mod:Dystoria's Song Pack	マシュマロ	Marshmallow	DECO*27	name_en	Marshmallow	name_en-fallback
auto	mod:Dystoria's Song Pack	眠るサーカス	Nemuru Circus	Riza	name_en	Nemuru Circus	name_en-fallback
auto	mod:Dystoria's Song Pack	ファイアダンス	Fire Dance	DECO	name_en	Fire Dance	name_en-fallback
auto	mod:Dystoria's Song Pack	蜂蜜日記	Honey Diary	Kashii Moimi	name_en	Honey Diary	name_en-fallback
auto	mod:Dystoria's Song Pack	スカーレット・ドリームズ	Scarlet Dreams	Nem	name_en	Scarlet Dreams	name_en-fallback
auto	mod:Dystoria's Song Pack	かんせい	Perfect	大漠波新	name_en	Perfect	name_en-fallback
auto	mod:Dystoria's Song Pack	SAN値直葬	SANity Krush	STEAKA	name_en	SANity Krush	name_en-fallback
auto	mod:Dystoria's Song Pack	悪徳のジャッジメント	Judgment of Corruption	Akuno-P	name_en	Judgment of Corruption	name_en-fallback
auto	mod:Dystoria's Song Pack	透明なパレット	Transparent Palette	aqu3ra	name_en	Transparent Palette	name_en-fallback
auto	mod:Dystoria's Song Pack	ゼロトーキング	Zero Talking	春巻御飯	name_en	Zero Talking	name_en-fallback
auto	mod:Dystoria's Song Pack	幸せになれる隠しコマンドがあるらしい	There's supposed to be a cheat code for happiness	うたたP	name_en	There's supposed to be a cheat code for happiness	name_en-fallback
auto	mod:Dystoria's Song Pack	ロミオとシンデレラ	Romeo & Cinderella	doriko	name_en	Romeo & Cinderella	name_en-fallback
auto	mod:Dystoria's Song Pack	てるみい	Tell Me	Ishifuro	name_en	Tell Me	name_en-fallback
auto	mod:Dystoria's Song Pack	グリーディン	Greeding	柊キライ	name_en	Greeding	name_en-fallback
auto	mod:Dystoria's Song Pack	推活天使ビビアンちゃん	oshikatsu angel miss vivian	Mustard	name_en	oshikatsu angel miss vivian	name_en-fallback
auto	mod:Dystoria's Song Pack	ワンダーランド地下	Underground of Wonderland	Kashii Moimi	name_en	Underground of Wonderland	name_en-fallback
auto	mod:Dystoria's Song Pack	嬢王	Jouou	八王子P	name_en	Jouou	name_en-fallback
auto	mod:Dystoria's Song Pack	クローンクローン	Clone Clone	Atena	name_en	Clone Clone	name_en-fallback
auto	mod:Dystoria's Song Pack	桜日和とタイムマシン	Sakura Biyori and Time Machine	Mafumafu	name_en	Sakura Biyori and Time Machine	name_en-fallback
auto	mod:Dystoria's Song Pack	化けの花	Bake no Hana	Nakiso	name_en	Bake no Hana	name_en-fallback
auto	mod:Dystoria's Song Pack	ネロ	Nero	Hiiragi Kirai	name_en	Nero	name_en-fallback
auto	mod:Dystoria's Song Pack	愛は得体が知れない	Love is Mysterious	otetsu	name_en	Love is Mysterious	name_en-fallback
auto	mod:Dystoria's Song Pack	ド屑	Dokusu	Nakiso	name_en	Dokusu	name_en-fallback
auto	mod:Dystoria's Song Pack	お化けガオ	Obake Gao	はろける	name_en	Obake Gao	name_en-fallback
auto	mod:Dystoria's Song Pack	オールセーブチャレンジ	All-Save Challenge	香椎モイミ	name_en	All-Save Challenge	name_en-fallback
auto	mod:Dystoria's Song Pack	テレパシ	Telepathy	DECO*27	name_en	Telepathy	name_en-fallback
auto	mod:Dystoria's Song Pack	スノウドライヴ	Snow Drive	Omoi	name_en	Snow Drive	name_en-fallback
auto	mod:Dystoria's Song Pack	ぽっかんカラー	Pokkan Color	Kikuo	name_en	Pokkan Color	name_en-fallback
auto	mod:Dystoria's Song Pack	ジェヘナ	Gehenna	wotaku	name_en	Gehenna	name_en-fallback
auto	mod:Dystoria's Song Pack	エンヴィーベイビー	Envy Baby	Kanaria	name_en	Envy Baby	name_en-fallback
auto	mod:Dystoria's Song Pack	ストロボラスト	Strobe Last	椎名もた	name_en	Strobe Last	name_en-fallback
auto	mod:Dystoria's Song Pack	綴目	The corner of my eye	栗山夕璃	name_en	The corner of my eye	name_en-fallback
auto	mod:Dystoria's Song Pack	オペ	Op	蜂屋ななし	name_en	Op	name_en-fallback
auto	mod:Dystoria's Song Pack	ハートアタック	Heart Attack	Omoi	name_en	Heart Attack	name_en-fallback
auto	mod:Dystoria's Song Pack	ジレンマ	Dilemma	DECO*27	name_en	Dilemma	name_en-fallback
auto	mod:Dystoria's Song Pack	ハローセカイ	Hello Sekai	DECO*27	name_en	Hello Sekai	name_en-fallback
auto	mod:Dystoria's Song Pack	アンテナ39	Antenna 39	Hiiragi Magnetite	name_en	Antenna 39	name_en-fallback
auto	mod:Dystoria's Song Pack	罪と罰	Crime and Punishment	DECO*27	name_en	Crime and Punishment	name_en-fallback
auto	mod:Dystoria's Song Pack	ネオネオン	Neo-Neon	DECO*27	name_en	Neo-Neon	name_en-fallback
auto	mod:Dystoria's Song Pack	混沌ブギ	Konton Boogie	jon-YAKITORY	name_en	Konton Boogie	name_en-fallback
auto	mod:Dystoria's Song Pack	モザイクロール (Reloaded)	Mozaik Role (Reloaded)	DECO*27	name_en	Mozaik Role (Reloaded)	name_en-fallback
auto	mod:Dystoria's Song Pack	ぐちゃったな	Guchatta na	タケノコ少年	name_en	Guchatta na	name_en-fallback
auto	mod:Dystoria's Song Pack	ワールドワイドワンダー	Worldwide Wander	西沢さんP	name_en	Worldwide Wander	name_en-fallback
auto	mod:Dystoria's Song Pack	愛×愛ホイッスル	LOVE×LOVE Whistle	ぽりふぉ	name_en	LOVE×LOVE Whistle	name_en-fallback
auto	mod:Dystoria's Song Pack	ユニ	Yuni	柊マグネタイト	name_en	Yuni	name_en-fallback
auto	mod:Dystoria's Song Pack	ネバーランド	Neverland	DECO*27	name_en	Neverland	name_en-fallback
auto	mod:Dystoria's Song Pack	ポジティブ・パレード	Positive Parade	DECO*27	name_en	Positive Parade	name_en-fallback
auto	mod:Dystoria's Song Pack	我儘姫	Selfish Princess	ふじを	name_en	Selfish Princess	name_en-fallback
auto	mod:Dystoria's Song Pack	デーモンロード	Demon Lord	Kanaria	name_en	Demon Lord	name_en-fallback
auto	mod:Dystoria's Song Pack	すーぱーぬこわーるど	Super Nuko world	まふまふ	name_en	Super Nuko world	name_en-fallback
auto	mod:Dystoria's Song Pack	シンデレラ	CINDERELLA	DECO27	name_en	CINDERELLA	name_en-fallback
auto	mod:Dystoria's Song Pack	妄想税	Delusion Tax	DECO27	name_en	Delusion Tax	name_en-fallback
auto	mod:Dystoria's Song Pack	宇宙散歩	Cosmic Rendezvous	DECO*27	name_en	Cosmic Rendezvous	name_en-fallback
auto	mod:Dystoria's Song Pack	本命	Fave Fix	DECO*27	name_en	Fave Fix	name_en-fallback
auto	mod:Dystoria's Song Pack	友達バリア	Friend-Zoned	DECO*27	name_en	Friend-Zoned	name_en-fallback
auto	mod:Dystoria's Song Pack	みむかｩわナイストライ	Mimukauwa Nice Try	Nunununununununununununununununu	name_en	Mimukauwa Nice Try	name_en-fallback
auto	mod:Dystoria's Song Pack	ソレイユ	Soleil	Toraboruta	name_en	Soleil	name_en-fallback
auto	mod:IA-VT Colorful Song Pack	流れ星	Shooting Star	KURIS y YUICHI NAKASE	name_en	Shooting Star	name_en-fallback
auto	mod:IA-VT Colorful Song Pack	アヤノの幸福理論	Ayano no Koufuku Riron	Jin	name_en	Ayano no Koufuku Riron	name_en-fallback
auto	mod:IA-VT Colorful Song Pack	キラースマイル	Killer Smile	yksb	name_en	Killer Smile	name_en-fallback
auto	mod:IA-VT Colorful Song Pack	インナーアーツ	Inner Arts	Jin	name_en	Inner Arts	name_en-fallback
auto	mod:IA-VT Colorful Song Pack	日本橋高架下R計画	Nihonbashi Koukashita R Keikaku	Jin	name_en	Nihonbashi Koukashita R Keikaku	name_en-fallback
auto	mod:IA-VT Colorful Song Pack	アフターグロウ	Afterglow	Zauni	name_en	Afterglow	name_en-fallback
auto	mod:IA-VT Colorful Song Pack	神のみぞ知る	God Only Knows	Darvish-P	name_en	God Only Knows	name_en-fallback
auto	mod:IA-VT Colorful Song Pack	サーキットディスコ	Circuit DISCO	Komatsu Kazuya	name_en	Circuit DISCO	name_en-fallback
auto	mod:IA-VT Colorful Song Pack	ラヴ・サジタリアス	Love Sagitarius	Jin	name_en	Love Sagitarius	name_en-fallback
auto	mod:IA-VT Colorful Song Pack	サマータイムレコード	Summertime Record	Jin	name_en	Summertime Record	name_en-fallback
auto	mod:IA-VT Colorful Song Pack	ワールド・コーリング	World Calling	Jin	name_en	World Calling	name_en-fallback
auto	mod:IA-VT Colorful Song Pack	パバースラブロック	Perverse Love Rock	Nakazawa Tomoyuki	name_en	Perverse Love Rock	name_en-fallback
auto	mod:IA-VT Colorful Song Pack	憧憬	Doukei	BACK-ON	name_en	Doukei	name_en-fallback
auto	mod:IA-VT Colorful Song Pack	現実的論理主義者	Genjitsuteki Ronri Shugisha	goboumen	name_en	Genjitsuteki Ronri Shugisha	name_en-fallback
auto	mod:IA-VT Colorful Song Pack	死神のギター	Shinigami no Guitar	Potential 0	name_en	Shinigami no Guitar	name_en-fallback
auto	mod:IA-VT Colorful Song Pack	サナトリウム	Sanatorium	Shinokura	name_en	Sanatorium	name_en-fallback
auto	mod:IA-VT Colorful Song Pack	セツナドライブ	Setsuna Drive	9mm Parabellum Bullet	name_en	Setsuna Drive	name_en-fallback
auto	mod:IA-VT Colorful Song Pack	如月アテンション	Kisaragi Attention	Jin	name_en	Kisaragi Attention	name_en-fallback
auto	mod:IA-VT Colorful Song Pack	恋椿姫	Koi Tsubaki Hime	PolyphonicBranch	name_en	Koi Tsubaki Hime	name_en-fallback
auto	mod:IA-VT Colorful Song Pack	単色世界	Tanshoku Sekai	Wataame	name_en	Tanshoku Sekai	name_en-fallback
auto	mod:IA-VT Colorful Song Pack	泣き虫ピエロ	Nakimushi Pierrot	PolyphonicBranch	name_en	Nakimushi Pierrot	name_en-fallback
auto	mod:IA-VT Colorful Song Pack	銀河鉄道365	Ginga Tetsudou 365	Ichiokuen-P	name_en	Ginga Tetsudou 365	name_en-fallback
auto	mod:IA-VT Colorful Song Pack	延命治療	Enmei Chiryou	Neru	name_en	Enmei Chiryou	name_en-fallback
auto	mod:IA-VT Colorful Song Pack	22世紀からのハロー	22 Seiki kara no Hello	RiderP	name_en	22 Seiki kara no Hello	name_en-fallback
auto	mod:IA-VT Colorful Song Pack	星空のライオン	Hoshizora no Lion	emon	name_en	Hoshizora no Lion	name_en-fallback
auto	mod:IA-VT Colorful Song Pack	夢見心地	Yumemi Gokochi	NioP	name_en	Yumemi Gokochi	name_en-fallback
auto	mod:IA-VT Colorful Song Pack	影炎≒Variation	Kagerou≒Variation	Yairi	name_en	Kagerou≒Variation	name_en-fallback
auto	mod:IA-VT Colorful Song Pack	君のとなりに	Kimi no Tonari Ni	rerulili	name_en	Kimi no Tonari Ni	name_en-fallback
auto	mod:IA-VT Colorful Song Pack	東京リアルワールド	Tokyo Real World	out of service	name_en	Tokyo Real World	name_en-fallback
auto	mod:IA-VT Colorful Song Pack	僕らに喜劇を見せてくれ	Bokura ni Kigeki o Misete Kure	Jin & Ishifuro	name_en	Bokura ni Kigeki o Misete Kure	name_en-fallback
auto	mod:IA-VT Colorful Song Pack	アスノヒカリ	Asu no Hikari	Nhato	name_en	Asu no Hikari	name_en-fallback
auto	mod:IA-VT Colorful Song Pack	夕景イエスタデイ	Yuukei Yesterday	Jin	name_en	Yuukei Yesterday	name_en-fallback
auto	mod:IA-VT Colorful Song Pack	ロスタイムメモリー	Losstime Memory	Jin	name_en	Losstime Memory	name_en-fallback
auto	mod:IA-VT Colorful Song Pack	想像フォレスト	Souzou Forest	Jin	name_en	Souzou Forest	name_en-fallback
auto	mod:IA-VT Colorful Song Pack	残る夏に花束を	Nokoru Natsu ni Hanataba o	Nodoka	name_en	Nokoru Natsu ni Hanataba o	name_en-fallback
auto	mod:IA-VT Colorful Song Pack	ページェント ～for a GLORY～	Pageant -For a Glory-	Mito	name_en	Pageant -For a Glory-	name_en-fallback
auto	mod:IA-VT Colorful Song Pack	オーヴァースレプト	Overslept	Neru	name_en	Overslept	name_en-fallback
auto	mod:IA-VT Colorful Song Pack	鹿驚	Kakashi	Mochizuki Urara	name_en	Kakashi	name_en-fallback
auto	mod:IA-VT Colorful Song Pack	始まりの庭	Hajimari no Niwa	Shirakami Mashiro	name_en	Hajimari no Niwa	name_en-fallback
auto	mod:IA-VT Colorful Song Pack	クラウドライダー	Cloud Rider	Hayato Tanaka	name_en	Cloud Rider	name_en-fallback
auto	mod:IA-VT Colorful Song Pack	仇返しシンドローム	Adagaeshi Syndrome	MafuMafu	name_en	Adagaeshi Syndrome	name_en-fallback
auto	mod:IA-VT Colorful Song Pack	マジックアワー	Magic Hour	out of service	name_en	Magic Hour	name_en-fallback
auto	mod:Retro Charts	[PD1] その一秒スローモーション	[PD1] That One Second in Slow Motion	ryo	name_en	[PD1] That One Second in Slow Motion	name_en-fallback
auto	mod:Retro Charts	[PD1] ひねくれ者	[PD1] Jaded	ryo	name_en	[PD1] Jaded	name_en-fallback
auto	mod:Retro Charts	[PD1] 雨のちSweet*Drops	[PD1] Rain With A Chance of Sweet*Drops	OSTER project	name_en	[PD1] Rain With A Chance of Sweet*Drops	name_en-fallback
auto	mod:Retro Charts	[PD1] Dreaming Leaf -ユメミルコトノハ-	[PD1] Dreaming Leaf	OSTER project	name_en	[PD1] Dreaming Leaf	name_en-fallback
auto	mod:Retro Charts	[PD1/PD2] 荒野と森と魔法の歌	[PD1/PD2] A Song of Wastelands, Forests, and Magic	トラボルタ	name_en	[PD1/PD2] A Song of Wastelands, Forests, and Magic	name_en-fallback
auto	mod:Retro Charts	[PD1/PD2] いのちの歌	[PD1/PD2] Song of Life	トラボルタ	name_en	[PD1/PD2] Song of Life	name_en-fallback
auto	mod:Retro Charts	[PD1/PD2] みくみく菌にご注意♪	[PD1/PD2] Beware of the Miku Miku Germs♪	はやや	name_en	[PD1/PD2] Beware of the Miku Miku Germs♪	name_en-fallback
auto	mod:Retro Charts	[PD1/PD2] 天鵞絨アラベスク	[PD1/PD2] Velvet Arabesque	畑 亜貴	name_en	[PD1/PD2] Velvet Arabesque	name_en-fallback
auto	mod:Retro Charts	[PD1/PD2] ラブリスト更新中？	[PD1/PD2] Updating My Love List?	畑 亜貴	name_en	[PD1/PD2] Updating My Love List?	name_en-fallback
auto	mod:Retro Charts	[PD1/PDe] 金の聖夜霜雪に朽ちて	[PD1/PDe] Requiem for the Phantasma	デッドボールP	name_en	[PD1/PDe] Requiem for the Phantasma	name_en-fallback
auto	mod:Retro Charts	[PD2] magnet	[PD2] Magnet	minato	name_en	[PD2] Magnet	name_en-fallback
auto	mod:Retro Charts	[PD2] 巨大少女	[PD2] Gigantic Girl	40mP	name_en	[PD2] Gigantic Girl	name_en-fallback
auto	mod:Retro Charts	[PDe] 炉心融解	[PDe] Roshin Yukai	iroha(sasaki)	name_en	[PDe] Roshin Yukai	name_en-fallback
auto	mod:Retro Charts	[PD2] Change me	[PD2] Change Me	shu-t	name_en	[PD2] Change Me	name_en-fallback
auto	mod:Retro Charts	[PD2] クローバー・クラブ	[PD2] Clover♣Club	ゆうゆ	name_en	[PD2] Clover♣Club	name_en-fallback
auto	mod:Retro Charts	[PD2] ほんとは分かってる	[PD2] I Really Do Understand	フナコシP	name_en	[PD2] I Really Do Understand	name_en-fallback
auto	mod:Retro Charts	[PDe] 孤独の果て -extend edition-	[PDe] Solitude's End -extend edition-	光収容	name_en	[PDe] Solitude's End -extend edition-	name_en-fallback
auto	mod:Retro Charts	[PDe] 忘却心中	[PDe] Lover's Suicide Oblivion	OPA	name_en	[PDe] Lover's Suicide Oblivion	name_en-fallback
auto	mod:Retro Charts	[PDe] タイムリミット	[PDe] Time Limit	North-T	name_en	[PDe] Time Limit	name_en-fallback
auto	mod:Retro Charts	[PDe] いろは唄	[PDe] Iroha Uta	銀サク	name_en	[PDe] Iroha Uta	name_en-fallback
auto	mod:Retro Charts	[PDe] 右肩の蝶 -39's Giving Day Edition-	[PDe] Butterfly on Your Right Shoulder -39's Giving Day Edition-	のりぴー	name_en	[PDe] Butterfly on Your Right Shoulder -39's Giving Day Edition-	name_en-fallback
auto	mod:Doatz Song Pack	カラクサタウン	Accumula Town	増田順一	name_en	Accumula Town	name_en-fallback
auto	mod:Doatz Song Pack	名を冠する者たち	You Will Know Our Names	工藤ともり, 平松建治, 山中ちこ	name_en	You Will Know Our Names	name_en-fallback
auto	mod:Doatz Song Pack	戦闘！伝説のポケモン	Battle! Legendary - BW/B2W2	増田順一	name_en	Battle! Legendary - BW/B2W2	name_en-fallback
auto	mod:Dystoria's Song Pack	レディメイド	Readymade	Ado	name_en	Readymade	name_en-fallback
auto	mod:Dystoria's Song Pack	勇気のReason (Ado Ver.)	Yuuki no Reason (Ado Ver.)	Ado	name_en	Yuuki no Reason (Ado Ver.)	name_en-fallback
auto	mod:Dystoria's Song Pack	フランスかぶれ	Francophile	OSTER Project	name_en	Francophile	name_en-fallback
auto	mod:Dystoria's Song Pack	トネリコレジスタンス	The Resistance	UmikazeTaiyou	name_en	The Resistance	name_en-fallback
auto	mod:Dystoria's Song Pack	ビバリウム	Vivarium	Ado	name_en	Vivarium	name_en-fallback
auto	mod:Dystoria's Song Pack	ラストラス	Lustrous	*Luna	name_en	Lustrous	name_en-fallback
auto	mod:Dystoria's Song Pack	ニッポン笑顔百景	Nippon Egao Hyakkei	ももいろクローバーZ	name_en	Nippon Egao Hyakkei	name_en-fallback
auto	mod:Dystoria's Song Pack	レーテー	Lethe	Aira	name_en	Lethe	name_en-fallback
auto	mod:Dystoria's Song Pack	にゅー！支配者のキャロル	Carol of the NEW! Ones	Fujiwara Hagane	name_en	Carol of the NEW! Ones	name_en-fallback
auto	mod:Dystoria's Song Pack	つれづれどうじ	Wandering Youth	UmikazeTaiyou	name_en	Wandering Youth	name_en-fallback
auto	mod:Dystoria's Song Pack	フィナーレをあなたに。	Finale for You	Aira	name_en	Finale for You	name_en-fallback
auto	mod:Dystoria's Song Pack	ほぼ水の泡	Cheers Beer	Sheena Ringo	name_en	Cheers Beer	name_en-fallback
auto	mod:Dystoria's Song Pack	冥界の使者	Zettou no Majo	Ariabl'eyeS	name_en	Zettou no Majo	name_en-fallback
auto	mod:Dystoria's Song Pack	ルル	RuLe	Ado	name_en	RuLe	name_en-fallback
auto	mod:Dystoria's Song Pack	ダダダダダル	Dadadadadaru	雨良 Amala	name_en	Dadadadadaru	name_en-fallback
auto	mod:Dystoria's Song Pack	御掃除しましょ	Let's clean up	虻瀬犬	name_en	Let's clean up	name_en-fallback
auto	mod:Dystoria's Song Pack	#髪を切る	Cut my bangs	ゐろは苹果	name_en	Cut my bangs	name_en-fallback
auto	mod:Dystoria's Song Pack	ムーンライト・フィナーレ	Moonlight Finale	ヤマギシコージ	name_en	Moonlight Finale	name_en-fallback
auto	mod:Restore Cut Songs	Ievan Polkka	Ievan Polkka	フィンランド民謡	self	Ievan Polkka	self-display-fallback
auto	mod:Project Hoshikuzu - Song Pack	KING	KING	Kanaria	self	KING	self-display-fallback
auto	mod:Project Hoshikuzu - Song Pack	Glory Steady Go!	Glory Steady Go!	キノシタ	self	Glory Steady Go!	self-display-fallback
auto	mod:Project Hoshikuzu - Song Pack	Flyer!	Flyer!	Chinozo	self	Flyer!	self-display-fallback
auto	mod:Project Hoshikuzu - Song Pack	HERO	HERO	Ayase	self	HERO	self-display-fallback
auto	mod:Project Hoshikuzu - Song Pack	STAGE OF SEKAI	STAGE OF SEKAI	はりーP	self	STAGE OF SEKAI	self-display-fallback
auto	mod:Project Hoshikuzu - Song Pack	Peaky Peaky	Peaky Peaky	みきとP	self	Peaky Peaky	self-display-fallback
auto	mod:Cabra's Song Pack	THUNDERBOLT	THUNDERBOLT	jon-YAKITORY	self	THUNDERBOLT	self-display-fallback
auto	mod:Cabra's Song Pack	Just a Mount	Just a Mount	高生紳士	self	Just a Mount	self-display-fallback
auto	mod:Cabra's Song Pack	Why do I	Why do I	Set it off	self	Why do I	self-display-fallback
auto	mod:X Song Pack	Hand in Hand -X Edition-	Hand in Hand -X Edition-	kz	self	Hand in Hand -X Edition-	self-display-fallback
auto	mod:X Song Pack	Strangers	Strangers	Heavenz	self	Strangers	self-display-fallback
auto	mod:X Song Pack	LOL -lots of laugh- -X Edition-	LOL -lots of laugh- -X Edition-	KeN	self	LOL -lots of laugh- -X Edition-	self-display-fallback
auto	mod:X Song Pack	Calc.	Calc.	ジミーサムP	self	Calc.	self-display-fallback
auto	mod:X Song Pack	Amazing Dolce	Amazing Dolce	ひとしずくP	self	Amazing Dolce	self-display-fallback
auto	mod:X Song Pack	Satisfaction	Satisfaction	kz	self	Satisfaction	self-display-fallback
auto	mod:X Song Pack	Sharing The World	Sharing The World	BIGHEAD	self	Sharing The World	self-display-fallback
auto	mod:lavverso Song Pack	Digital Girl	Digital Girl	KIRA	self	Digital Girl	self-display-fallback
auto	mod:lavverso Song Pack	LUVORATORRRRRY!	LUVORATORRRRRY!	ギガP/れをる	self	LUVORATORRRRRY!	self-display-fallback
auto	mod:lavverso Song Pack	MIRA	MIRA	Kanaria	self	MIRA	self-display-fallback
auto	mod:lavverso Song Pack	BlackFlagBreaker!!	BlackFlagBreaker!!	sasakure.UK	self	BlackFlagBreaker!!	self-display-fallback
auto	mod:lavverso Song Pack	Makeup	Makeup	香椎モイミ	self	Makeup	self-display-fallback
auto	mod:lavverso Song Pack	4BLOOD	4BLOOD	KIRA	self	4BLOOD	self-display-fallback
auto	mod:Project Hoshikuzu - Song Pack	Blessing	Blessing	halyosy, 紅い流星, ゴサマル	self	Blessing	self-display-fallback
auto	mod:Project Hoshikuzu - Song Pack	Alive	Alive	市瀬るぽ	self	Alive	self-display-fallback
auto	mod:Project Hoshikuzu - Song Pack	needLe	needLe	DECO*27	self	needLe	self-display-fallback
auto	mod:Project Hoshikuzu - Song Pack	Ready Steady	Ready Steady	ギガP	self	Ready Steady	self-display-fallback
auto	mod:Project Hoshikuzu - Song Pack	Gimme×Gimme	Gimme×Gimme	ギガP, 八王子P	self	Gimme×Gimme	self-display-fallback
auto	mod:Project Hoshikuzu - Song Pack	ECHO	ECHO		self	ECHO	self-display-fallback
auto	mod:Project Hoshikuzu - Song Pack	Forward	Forward	R Sound Design	self	Forward	self-display-fallback
auto	mod:Project Hoshikuzu - Song Pack	Brand New Day	Brand New Day	いるかアイス	self	Brand New Day	self-display-fallback
auto	mod:Project Hoshikuzu - Song Pack	Color of Drops	Color of Drops	40mP	self	Color of Drops	self-display-fallback
auto	mod:Project Hoshikuzu - Song Pack	drop pop candy	drop pop candy	ギガP	self	drop pop candy	self-display-fallback
auto	mod:Project Hoshikuzu - Song Pack	RAD DOGS	RAD DOGS	八王子P	self	RAD DOGS	self-display-fallback
auto	mod:EdenMasochistPack	Tempestissimo	Tempestissimo	t+pazolite	self	Tempestissimo	self-display-fallback
auto	mod:EdenMasochistPack	ENDYMION	ENDYMION	ARM/RabbiTon Strings	self	ENDYMION	self-display-fallback
auto	mod:EdenMasochistPack	Misfortune	Misfortune	χ-kai-	self	Misfortune	self-display-fallback
auto	mod:EdenMasochistPack	boku-boku II	boku-boku II	AVTechNO	self	boku-boku II	self-display-fallback
auto	mod:EdenMasochistPack	FREEDOM DiVE↓	FREEDOM DiVE↓	XI	self	FREEDOM DiVE↓	self-display-fallback
auto	mod:EdenMasochistPack	ANTI THE∞HOLiC	ANTI THE∞HOLiC	cosMo＠暴走P	self	ANTI THE∞HOLiC	self-display-fallback
auto	mod:EdenMasochistPack	Anti the EuphoriaHOLiC	Anti the EuphoriaHOLiC	cosMo＠暴走P	self	Anti the EuphoriaHOLiC	self-display-fallback
auto	mod:EdenMasochistPack	Alice in N.Y.	Alice in N.Y.	ひとしずくP/やま△	self	Alice in N.Y.	self-display-fallback
auto	mod:Cabra's Song Pack	＋♂	＋♂	Giga	self	＋♂	self-display-fallback
auto	mod:Cabra's Song Pack	POMPADOUR	POMPADOUR	OSTER Project	self	POMPADOUR	self-display-fallback
auto	mod:Cabra's Song Pack	Beyond the Way	Beyond the Way	Giga	self	Beyond the Way	self-display-fallback
auto	mod:zombzach's song pack	SUSHI-GO-ROUND	SUSHI-GO-ROUND	鬱P	self	SUSHI-GO-ROUND	self-display-fallback
auto	mod:zombzach's song pack	Loveit?	Loveit?	biz&ZERA	self	Loveit?	self-display-fallback
auto	mod:zombzach's song pack	Happy Coaster	Happy Coaster	emon(Tes.)	self	Happy Coaster	self-display-fallback
auto	mod:zombzach's song pack	ULTRA C	ULTRA C	Giga & TeddyLoid	self	ULTRA C	self-display-fallback
auto	mod:WACCA Mini Songpack	Let you DIVE!	Let you DIVE!	Hardcore TANO*C	self	Let you DIVE!	self-display-fallback
auto	mod:WACCA Mini Songpack	with U	with U	t+pazolite & Massive New Krew	self	with U	self-display-fallback
auto	mod:WACCA Mini Songpack	Ouvertüre	Ouvertüre	USAO & DJ Genki	self	Ouvertüre	self-display-fallback
auto	mod:Doatz Song Pack	Sinner	Sinner	オカメP	self	Sinner	self-display-fallback
auto	mod:Doatz Song Pack	Always Be ^o^	Always Be ^o^	StaticP	self	Always Be ^o^	self-display-fallback
auto	mod:Doatz Song Pack	G.H.O.S.T.	G.H.O.S.T.	EMIRI	self	G.H.O.S.T.	self-display-fallback
auto	mod:Doatz Song Pack	KITSUNE Patissiere	KITSUNE Patissiere	まらしぃ	self	KITSUNE Patissiere	self-display-fallback
auto	mod:Doatz Song Pack	Whisper Whisper Whisper	Whisper Whisper Whisper	Azari	self	Whisper Whisper Whisper	self-display-fallback
auto	mod:Doatz Song Pack	2.14	2.14	オカメP	self	2.14	self-display-fallback
auto	mod:Doatz Song Pack	THE DYING MESSAGE	THE DYING MESSAGE	鬱P	self	THE DYING MESSAGE	self-display-fallback
auto	mod:Doatz Song Pack	SnowMix♪	SnowMix♪	まらしぃ	self	SnowMix♪	self-display-fallback
auto	mod:Doatz Song Pack	Fondant Step	Fondant Step	ヘブンズP	self	Fondant Step	self-display-fallback
auto	mod:Doatz Song Pack	Snow Fairy Story	Snow Fairy Story	40mP	self	Snow Fairy Story	self-display-fallback
auto	mod:Doatz Song Pack	Snow Song Show	Snow Song Show	ささくれUK	self	Snow Song Show	self-display-fallback
auto	mod:Doatz Song Pack	Die For You	Die For You	オカメP	self	Die For You	self-display-fallback
auto	mod:Doatz Song Pack	Reon - Remind Version	Reon - Remind Version	ゆよゆっぺ	self	Reon - Remind Version	self-display-fallback
auto	mod:Doatz Song Pack	JUVENILE	JUVENILE	じん	self	JUVENILE	self-display-fallback
auto	mod:Doatz Song Pack	Round and Land	Round and Land	前線	self	Round and Land	self-display-fallback
auto	mod:Doatz Song Pack	CH4NGE	CH4NGE	Giga	self	CH4NGE	self-display-fallback
auto	mod:Doatz Song Pack	CRACKS	CRACKS	EMIRI	self	CRACKS	self-display-fallback
auto	mod:Doatz Song Pack	INTERGALACTIA	INTERGALACTIA	KIRA	self	INTERGALACTIA	self-display-fallback
auto	mod:Doatz Song Pack	GANGNAM STYLE	GANGNAM STYLE	PSY	self	GANGNAM STYLE	self-display-fallback
auto	mod:Doatz Song Pack	Into Starlight	Into Starlight	KURIS, YUICHI NAKASE	self	Into Starlight	self-display-fallback
auto	mod:Doatz Song Pack	Encounter	Encounter	Orangestar	self	Encounter	self-display-fallback
auto	mod:Doatz Song Pack	PARTY ROCK ETERNITY	PARTY ROCK ETERNITY	Hachioji-P	self	PARTY ROCK ETERNITY	self-display-fallback
auto	mod:Doatz Song Pack	Glorious Day	Glorious Day	いぶ	self	Glorious Day	self-display-fallback
auto	mod:Doatz Song Pack	Snowdome	Snowdome	wotaku	self	Snowdome	self-display-fallback
auto	mod:Nitori's Song Pack	DYE/Re:flection+	DYE/Re:flection+	AVTechNO!	self	DYE/Re:flection+	self-display-fallback
auto	mod:Onneb's Song Pack	Don't say "lazy"	Don't say "lazy"	前澤寛之	self	Don't say "lazy"	self-display-fallback
auto	mod:Onneb's Song Pack	Listen!!	Listen!!	前澤寛之	self	Listen!!	self-display-fallback
auto	mod:Onneb's Song Pack	NO, Thank You!	NO, Thank You!	前澤寛之	self	NO, Thank You!	self-display-fallback
auto	mod:zombzach's song pack	WAYWARD ROMANCE	WAYWARD ROMANCE	FLAVOR FOLEY	self	WAYWARD ROMANCE	self-display-fallback
auto	mod:zombzach's song pack	Butcher Vanity	Butcher Vanity	Jamie Paige	self	Butcher Vanity	self-display-fallback
auto	mod:zombzach's song pack	Millennia	Millennia	EMIRI	self	Millennia	self-display-fallback
auto	mod:Nitori's Song Pack	INTERNET OVERDOSE	INTERNET OVERDOSE	Aiobahn	self	INTERNET OVERDOSE	self-display-fallback
auto	mod:Nitori's Song Pack	Miku's Little Dark Age	Miku's Little Dark Age	Astrophysics	self	Miku's Little Dark Age	self-display-fallback
auto	mod:Nitori's Song Pack	The Model	The Model	Astrophysics	self	The Model	self-display-fallback
auto	mod:Nitori's Song Pack	Sea is	Sea is	きくお	self	Sea is	self-display-fallback
auto	mod:Nitori's Song Pack	INTERNET YAMERO	INTERNET YAMERO	Aiobahn	self	INTERNET YAMERO	self-display-fallback
auto	mod:Nitori's Song Pack	Calalini	Calalini	CrusherP	self	Calalini	self-display-fallback
auto	mod:Nitori's Song Pack	Blinding Lights	Blinding Lights	The Weeknd	self	Blinding Lights	self-display-fallback
auto	mod:Nitori's Song Pack	Somebody That I Used to Know	Somebody That I Used to Know	Gotye	self	Somebody That I Used to Know	self-display-fallback
auto	mod:Nitori's Song Pack	B Who I Want 2 B	B Who I Want 2 B	SOPHIE × Mitchie M	self	B Who I Want 2 B	self-display-fallback
auto	mod:Nitori's Song Pack	Miku's Oblivion (Astrophysics Take)	Miku's Oblivion (Astrophysics Take)	Astrophysics	self	Miku's Oblivion (Astrophysics Take)	self-display-fallback
auto	mod:Nitori's Song Pack	Friday Night	Friday Night	SEGA SOUND TEAM	self	Friday Night	self-display-fallback
auto	mod:Nitori's Song Pack	Plastic Beach	Plastic Beach	Gorillaz	self	Plastic Beach	self-display-fallback
auto	mod:Nitori's Song Pack	Moteur Action (SOPHIE & A. G. Cook remix)	Moteur Action (SOPHIE & A. G. Cook remix)	Yelle, SOPHIE, A. G. Cook	self	Moteur Action (SOPHIE & A. G. Cook remix)	self-display-fallback
auto	mod:Nitori's Song Pack	Never Gonna Give You Up	Never Gonna Give You Up	Rick Astley	self	Never Gonna Give You Up	self-display-fallback
auto	mod:Nitori's Song Pack	Take On Me (Astrophysics Take)	Take On Me (Astrophysics Take)	Astrophysics	self	Take On Me (Astrophysics Take)	self-display-fallback
auto	mod:Nitori's Song Pack	All the Things She Said	All the Things She Said	t.A.T.u	self	All the Things She Said	self-display-fallback
auto	mod:Nitori's Song Pack	Axel F	Axel F	Crazy Frog	self	Axel F	self-display-fallback
auto	mod:Nitori's Song Pack	Tren Al Sur	Tren Al Sur	Los Prisioneros	self	Tren Al Sur	self-display-fallback
auto	mod:Nitori's Song Pack	The Glorious Octagon of Destiny	The Glorious Octagon of Destiny	NOMA	self	The Glorious Octagon of Destiny	self-display-fallback
auto	mod:Nitori's Song Pack	Hardkore of the North	Hardkore of the North	Diclonius kiD	self	Hardkore of the North	self-display-fallback
auto	mod:Nitori's Song Pack	THE POWER OF TERRY	THE POWER OF TERRY	Old Spice Collaboration Team	self	THE POWER OF TERRY	self-display-fallback
auto	mod:Nitori's Song Pack	Black Swan	Black Swan	BTS	self	Black Swan	self-display-fallback
auto	mod:Nitori's Song Pack	SCREAM	SCREAM	梅とら	self	SCREAM	self-display-fallback
auto	mod:Nitori's Song Pack	Nebula	Nebula	Tripshots, Yusuke	self	Nebula	self-display-fallback
auto	mod:Nitori's Song Pack	Galaxy Collapse	Galaxy Collapse	黒皇帝	self	Galaxy Collapse	self-display-fallback
auto	mod:Nitori's Song Pack	Beat It	Beat It	Michael Jackson	self	Beat It	self-display-fallback
auto	mod:Nitori's Song Pack	Thriller	Thriller	Michael Jackson	self	Thriller	self-display-fallback
auto	mod:Nitori's Song Pack	Bad Apple!! feat.nomico	Bad Apple!! feat.nomico	マサヨシ ミノシマ	self	Bad Apple!! feat.nomico	self-display-fallback
auto	mod:Nitori's Song Pack	Ms. Miku After Dark	Ms. Miku After Dark	Mr.Kitty / Astrophysics	self	Ms. Miku After Dark	self-display-fallback
auto	mod:Nitori's Song Pack	aiSeNMa	aiSeNMa	CircusP	self	aiSeNMa	self-display-fallback
auto	mod:Nitori's Song Pack	8 Awesome Angles of YouTube	8 Awesome Angles of YouTube	NOMA	self	8 Awesome Angles of YouTube	self-display-fallback
auto	mod:Nitori's Song Pack	Miku's Bizarre Love Triangle	Miku's Bizarre Love Triangle	New Order / Astrophysics	self	Miku's Bizarre Love Triangle	self-display-fallback
auto	mod:Nitori's Song Pack	Miku's On Melancholy Hill	Miku's On Melancholy Hill	Gorillaz / Astrophysics	self	Miku's On Melancholy Hill	self-display-fallback
auto	mod:Nitori's Song Pack	Adios	Adios	Eun Ji Won	self	Adios	self-display-fallback
auto	mod:Nitori's Song Pack	BANG BANG BANG	BANG BANG BANG	BigBang	self	BANG BANG BANG	self-display-fallback
auto	mod:Nitori's Song Pack	FANTASTIC BABY	FANTASTIC BABY	BigBang	self	FANTASTIC BABY	self-display-fallback
auto	mod:Nitori's Song Pack	Tell me (FRNK Remix)	Tell me (FRNK Remix)	NewJeans	self	Tell me (FRNK Remix)	self-display-fallback
auto	mod:Nitori's Song Pack	WILDFIRE!!	WILDFIRE!!	CIRCRUSH	self	WILDFIRE!!	self-display-fallback
auto	mod:Nitori's Song Pack	iNSaNiTY	iNSaNiTY	CircusP	self	iNSaNiTY	self-display-fallback
auto	mod:Nitori's Song Pack	WARNING×WARNING×WARNING	WARNING×WARNING×WARNING	ACTRock	self	WARNING×WARNING×WARNING	self-display-fallback
auto	mod:Nitori's Song Pack	Mirrrrrors	Mirrrrrors	エーコ	self	Mirrrrrors	self-display-fallback
auto	mod:Nitori's Song Pack	Backslash	Backslash	かめりあ	self	Backslash	self-display-fallback
auto	mod:Nitori's Song Pack	BAILE DA MIKU II - CADEIA PARALELA	BAILE DA MIKU II - CADEIA PARALELA	Astrophysics & DJ DENGUE	self	BAILE DA MIKU II - CADEIA PARALELA	self-display-fallback
auto	mod:Nitori's Song Pack	Miku's Nightcall	Miku's Nightcall	Kavinsky / Astrophysics	self	Miku's Nightcall	self-display-fallback
auto	mod:Nitori's Song Pack	hardbass night	hardbass night	Ferry	self	hardbass night	self-display-fallback
auto	mod:Nitori's Song Pack	GEDO	GEDO	daraku	self	GEDO	self-display-fallback
auto	mod:Nitori's Song Pack	Virtual Insanity	Virtual Insanity	Jamiroquai	self	Virtual Insanity	self-display-fallback
auto	mod:Nitori's Song Pack	Karma	Karma	ampstyle	self	Karma	self-display-fallback
auto	mod:Nitori's Song Pack	ANGELIST	ANGELIST	OZ	self	ANGELIST	self-display-fallback
auto	mod:Nitori's Song Pack	mochimochi	mochimochi	TAK	self	mochimochi	self-display-fallback
auto	mod:Nitori's Song Pack	Paranoid Android	Paranoid Android	Radiohead	self	Paranoid Android	self-display-fallback
auto	mod:Nitori's Song Pack	CRUSH	CRUSH	ZEROBASEONE	self	CRUSH	self-display-fallback
auto	mod:Nitori's Song Pack	Miku is Head Over Heels	Miku is Head Over Heels	Astrophysics	self	Miku is Head Over Heels	self-display-fallback
auto	mod:Nitori's Song Pack	Heart Beats	Heart Beats	emon(Tes.)	self	Heart Beats	self-display-fallback
auto	mod:Nitori's Song Pack	Bury the Light Eurobeat Remix	Bury the Light Eurobeat Remix	Casey Edwards / Turbo	self	Bury the Light Eurobeat Remix	self-display-fallback
auto	mod:Nitori's Song Pack	MAWARU INFINITY -Project DIVA edition-	MAWARU INFINITY -Project DIVA edition-	TaroNuke & Kimsynth	self	MAWARU INFINITY -Project DIVA edition-	self-display-fallback
auto	mod:Onneb's Song Pack	FOMENT	FOMENT	Sumia	self	FOMENT	self-display-fallback
auto	mod:Onneb's Song Pack	Vørstia	Vørstia	Shiena	self	Vørstia	self-display-fallback
auto	mod:Onneb's Song Pack	only my railgun	only my railgun	fripSide	self	only my railgun	self-display-fallback
auto	mod:Onneb's Song Pack	my crush	my crush	香椎モイミ	self	my crush	self-display-fallback
auto	mod:Onneb's Song Pack	Dream goes on	Dream goes on	Tiny Minim	self	Dream goes on	self-display-fallback
auto	mod:Onneb's Song Pack	Wilt	Wilt	VerseQuence	self	Wilt	self-display-fallback
auto	mod:Onneb's Song Pack	POKÉDANCE	POKÉDANCE	本多友紀 feat. ななひら	self	POKÉDANCE	self-display-fallback
auto	mod:Onneb's Song Pack	M@GICAL☆CURE! LOVE ♥ SHOT!	M@GICAL☆CURE! LOVE ♥ SHOT!	SAWTOWNE	self	M@GICAL☆CURE! LOVE ♥ SHOT!	self-display-fallback
auto	mod:alocin Song Pack	Snow Mile	Snow Mile	Aqu3ra	self	Snow Mile	self-display-fallback
auto	mod:alocin Song Pack	FUN!!	FUN!!	DECO*27 / いよわ	self	FUN!!	self-display-fallback
auto	mod:alocin Song Pack	SToRY	SToRY	DECO*27 / kemu	self	SToRY	self-display-fallback
auto	mod:Kaito-Aiyumi SongPack3	Blue Star	Blue Star	八王子P	self	Blue Star	self-display-fallback
auto	mod:Kaito-Aiyumi SongPack3	Overwriter	Overwriter	tilt-6	self	Overwriter	self-display-fallback
auto	mod:Kaito-Aiyumi SongPack3	Singularity (Magical Mirai 2021)	Singularity (Magical Mirai 2021)	keisei	self	Singularity (Magical Mirai 2021)	self-display-fallback
auto	mod:Miracle Girls Festival Chart Pack	Jumping!!	Jumping!!	Meis Clauson	self	Jumping!!	self-display-fallback
auto	mod:Miracle Girls Festival Chart Pack	Your Voice	Your Voice	中塚 武	self	Your Voice	self-display-fallback
auto	mod:Miracle Girls Festival Chart Pack	Daydream café	Daydream café	大久保 薫	self	Daydream café	self-display-fallback
auto	mod:Miracle Girls Festival Chart Pack	Stand Up!!!!	Stand Up!!!!	井上 純一	self	Stand Up!!!!	self-display-fallback
auto	mod:Miracle Girls Festival Chart Pack	7 Girls War	7 Girls War	神前 暁 \/ 田中 秀和（MONACA	self	7 Girls War	self-display-fallback
auto	mod:Miracle Girls Festival Chart Pack	Innocent Blue	Innocent Blue	fu_mou	self	Innocent Blue	self-display-fallback
auto	mod:Miracle Girls Festival Chart Pack	Vivid Shining Sky	Vivid Shining Sky	神前 暁（MONACA）	self	Vivid Shining Sky	self-display-fallback
auto	mod:zombzach's song pack	FLOP ERA	FLOP ERA	エピーオン	self	FLOP ERA	self-display-fallback
auto	mod:zombzach's song pack	V	V	ゴゴ	self	V	self-display-fallback
auto	mod:zombzach's song pack	FOCUS	FOCUS	KIRA	self	FOCUS	self-display-fallback
auto	mod:Yoru Song Pack	Lindenbaum	Lindenbaum	zensen	self	Lindenbaum	self-display-fallback
auto	mod:Yoru Song Pack	Grievous Lady	Grievous Lady	Team Grimoire & Laur	self	Grievous Lady	self-display-fallback
auto	mod:Yoru Song Pack	Ré：Ré	Ré：Ré	Morimori Atsushi vs. uma	self	Ré：Ré	self-display-fallback
auto	mod:lavverso Song Pack	Intergalactic Bound	Intergalactic Bound	CircusP	self	Intergalactic Bound	self-display-fallback
auto	mod:lavverso Song Pack	We are POP☆CANDY!	We are POP☆CANDY!	runo	self	We are POP☆CANDY!	self-display-fallback
auto	mod:Rinissa's Song Pack	FAKE HEART	FAKE HEART	KIRA + Johnny R	self	FAKE HEART	self-display-fallback
auto	mod:Rinissa's Song Pack	LIFE	LIFE	monii, Johnny R	self	LIFE	self-display-fallback
auto	mod:Rinissa's Song Pack	TOXY!	TOXY!	煮ル果実	self	TOXY!	self-display-fallback
auto	mod:Rinissa's Song Pack	Colorful Array	Colorful Array	Andrew Holmes, Cosmoz Music	self	Colorful Array	self-display-fallback
auto	mod:Rinissa's Song Pack	MTMTM	MTMTM	TAK	self	MTMTM	self-display-fallback
auto	mod:lavverso Song Pack	Bad ∞ End ∞ Night	Bad ∞ End ∞ Night	ひとしずくP/やま△	self	Bad ∞ End ∞ Night	self-display-fallback
auto	mod:NiStory Song Pack	Confessions of a Rotten Girl	Confessions of a Rotten Girl	SAWTOWNE	self	Confessions of a Rotten Girl	self-display-fallback
auto	mod:NiStory Song Pack	.espect	.espect	Noname	self	.espect	self-display-fallback
auto	mod:NiStory Song Pack	LEMON MELON COOKIE	LEMON MELON COOKIE	Tak	self	LEMON MELON COOKIE	self-display-fallback
auto	mod:Nitori's Song Pack	Machine Love	Machine Love	Jamie Paige	self	Machine Love	self-display-fallback
auto	mod:Nitori's Song Pack	SHOCK	SHOCK	BEAST	self	SHOCK	self-display-fallback
auto	mod:Nitori's Song Pack	Miku's Instant Crush	Miku's Instant Crush	Daft Punk, Astrophysics	self	Miku's Instant Crush	self-display-fallback
auto	mod:Nitori's Song Pack	You're Telling Me A SHRIMP Fried This Rice?!	You're Telling Me A SHRIMP Fried This Rice?!	Jamie Paige	self	You're Telling Me A SHRIMP Fried This Rice?!	self-display-fallback
auto	mod:Nitori's Song Pack	Duele el Amor	Duele el Amor	ryusouta / Aleks Syntek	self	Duele el Amor	self-display-fallback
auto	mod:Nitori's Song Pack	Piece of Art	Piece of Art	KIRA	self	Piece of Art	self-display-fallback
auto	mod:Nitori's Song Pack	WILDFIRE!! (Extended Version)	WILDFIRE!! (Extended Version)	FATAL FORCE & CRUSHER-P	self	WILDFIRE!! (Extended Version)	self-display-fallback
auto	mod:Nitori's Song Pack	Save Your Tears For Miku	Save Your Tears For Miku	Astrophysics	self	Save Your Tears For Miku	self-display-fallback
auto	mod:Nitori's Song Pack	Big Brother (Crusher Remix)	Big Brother (Crusher Remix)	Crusher-P	self	Big Brother (Crusher Remix)	self-display-fallback
auto	mod:Nitori's Song Pack	Smooth Criminal	Smooth Criminal	Michael Jackson	self	Smooth Criminal	self-display-fallback
auto	mod:Nitori's Song Pack	Russian Girl feat. Kasane Teto	Russian Girl feat. Kasane Teto	Jenia Lubich	self	Russian Girl feat. Kasane Teto	self-display-fallback
auto	mod:Nitori's Song Pack	filament (TV size)	filament (TV size)	妖精帝國	self	filament (TV size)	self-display-fallback
auto	mod:Nitori's Song Pack	The End (feat. BABYMETAL)	The End (feat. BABYMETAL)	Lil Uzi Vert x BABYMETAL	self	The End (feat. BABYMETAL)	self-display-fallback
auto	mod:Nitori's Song Pack	Miku wants to Enjoy The Silence	Miku wants to Enjoy The Silence	Astrophysics	self	Miku wants to Enjoy The Silence	self-display-fallback
auto	mod:Nitori's Song Pack	Billie Jean	Billie Jean	Michael Jackson	self	Billie Jean	self-display-fallback
auto	mod:Nitori's Song Pack	01_ballade	01_ballade	平沢栄司	self	01_ballade	self-display-fallback
auto	mod:Nitori's Song Pack	Life Will Change	Life Will Change	ぬゆり	self	Life Will Change	self-display-fallback
auto	mod:Nitori's Song Pack	Cuz My Order	Cuz My Order	書店太郎	self	Cuz My Order	self-display-fallback
auto	mod:Nitori's Song Pack	Decade	Decade	Dixie Flatline	self	Decade	self-display-fallback
auto	mod:Nitori's Song Pack	MINIMUM RAGE	MINIMUM RAGE	MonochroMenace	self	MINIMUM RAGE	self-display-fallback
auto	mod:Nitori's Song Pack	Honestly	Honestly	THORNS	self	Honestly	self-display-fallback
auto	mod:Dystoria's Song Pack	Radio Electric Anniversary Edition	Radio Electric Anniversary Edition	angelbrained	self	Radio Electric Anniversary Edition	self-display-fallback
auto	mod:Dystoria's Song Pack	0.0000034	0.0000034	Musanuriyu	self	0.0000034	self-display-fallback
auto	mod:Dystoria's Song Pack	Magic	Magic	Ado	self	Magic	self-display-fallback
auto	mod:Dystoria's Song Pack	Bad Apple!! feat.SEKAI	Bad Apple!! feat.SEKAI	ZUN (Team Shanghai Alice)	self	Bad Apple!! feat.SEKAI	self-display-fallback
auto	mod:Dystoria's Song Pack	This song is AI generated	This song is AI generated	googifloop	self	This song is AI generated	self-display-fallback
auto	mod:Dystoria's Song Pack	Alright	Alright	Gaiden, Mezha	self	Alright	self-display-fallback
auto	mod:Dystoria's Song Pack	TWINKLE	TWINKLE	Mellowcle	self	TWINKLE	self-display-fallback
auto	mod:Dystoria's Song Pack	Cool Me Down	Cool Me Down	Mwk	self	Cool Me Down	self-display-fallback
auto	mod:Dystoria's Song Pack	Minimum Rage	Minimum Rage	MonochroMenace	self	Minimum Rage	self-display-fallback
auto	mod:Dystoria's Song Pack	PPPP	PPPP	TAK	self	PPPP	self-display-fallback
auto	mod:Dystoria's Song Pack	MOTTO!!!	MOTTO!!!	Junky	self	MOTTO!!!	self-display-fallback
auto	mod:Dystoria's Song Pack	Myosotis	Myosotis	M2U	self	Myosotis	self-display-fallback
auto	mod:Dystoria's Song Pack	Marigold	Marigold	M2U	self	Marigold	self-display-fallback
auto	mod:Dystoria's Song Pack	D/N/A	D/N/A	Azari	self	D/N/A	self-display-fallback
auto	mod:Dystoria's Song Pack	IRIS OUT	IRIS OUT	米津 玄師	self	IRIS OUT	self-display-fallback
auto	mod:Dystoria's Song Pack	B.B.K.K.B.K.K.	B.B.K.K.B.K.K.	Nora2r	self	B.B.K.K.B.K.K.	self-display-fallback
auto	mod:Dystoria's Song Pack	Love For You	Love For You	暁Records	self	Love For You	self-display-fallback
auto	mod:Dystoria's Song Pack	MAO-u	MAO-u	Baby Castella	self	MAO-u	self-display-fallback
auto	mod:Dystoria's Song Pack	unlive	unlive	書店太郎	self	unlive	self-display-fallback
auto	mod:Dystoria's Song Pack	Someday'z Coming	Someday'z Coming	書店太郎	self	Someday'z Coming	self-display-fallback
auto	mod:Dystoria's Song Pack	Lonesome	Lonesome	Okame-P	self	Lonesome	self-display-fallback
auto	mod:Dystoria's Song Pack	DIVA X	DIVA X	Miyamori Bungaku	self	DIVA X	self-display-fallback
auto	mod:Dystoria's Song Pack	Static	Static	FLAVOR FOLEY	self	Static	self-display-fallback
auto	mod:Dystoria's Song Pack	V.S	V.S	大漠波新	self	V.S	self-display-fallback
auto	mod:Dystoria's Song Pack	Ten Thousand Stars	Ten Thousand Stars	CircusP	self	Ten Thousand Stars	self-display-fallback
auto	mod:Dystoria's Song Pack	I got no time	I got no time	The Living Tombstone	self	I got no time	self-display-fallback
auto	mod:Dystoria's Song Pack	Paranoia	Paranoia	MezameP	self	Paranoia	self-display-fallback
auto	mod:Dystoria's Song Pack	WILDCARD	WILDCARD	ゆうすけきら	self	WILDCARD	self-display-fallback
auto	mod:Dystoria's Song Pack	NEMO NEMO	NEMO NEMO	ちぇ よな	self	NEMO NEMO	self-display-fallback
auto	mod:Dystoria's Song Pack	gift nor art	gift nor art	鼻そうめんP	self	gift nor art	self-display-fallback
auto	mod:Dystoria's Song Pack	New me	New me	YOASOBI	self	New me	self-display-fallback
auto	mod:IA-VT Colorful Song Pack	TSUBASA New Days	TSUBASA New Days	A-bee	self	TSUBASA New Days	self-display-fallback
auto	mod:Retro Charts	[PD1] Far Away	[PD1] Far Away	kz	self	[PD1] Far Away	self-display-fallback
auto	mod:Retro Charts	[PD1] Star Story	[PD1] Star Story	kz	self	[PD1] Star Story	self-display-fallback
auto	mod:Retro Charts	[PD1] Last Night, Good Night	[PD1] Last Night, Good Night	kz	self	[PD1] Last Night, Good Night	self-display-fallback
auto	mod:Retro Charts	[PD1/PD2] Packaged	[PD1/PD2] Packaged	kz	self	[PD1/PD2] Packaged	self-display-fallback
auto	mod:Retro Charts	[PD1/PD2] moon	[PD1/PD2] moon	iroha(sasaki)	self	[PD1/PD2] moon	self-display-fallback
auto	mod:Retro Charts	[PD1/PD2] The secret garden	[PD1/PD2] The secret garden	神前 暁	self	[PD1/PD2] The secret garden	self-display-fallback
auto	mod:Retro Charts	[PD1/PD2] Dear cocoa girls	[PD1/PD2] Dear cocoa girls	神前 暁	self	[PD1/PD2] Dear cocoa girls	self-display-fallback
auto	mod:Retro Charts	[PD1] Ievan Polkka	[PD1] Ievan Polkka	フィンランド民謡	self	[PD1] Ievan Polkka	self-display-fallback
auto	mod:Retro Charts	[PDe] Yellow	[PDe] Yellow	kz	self	[PDe] Yellow	self-display-fallback
auto	mod:Retro Charts	[PD2] Dear	[PD2] Dear	19-iku-	self	[PD2] Dear	self-display-fallback
auto	mod:Retro Charts	[PD2] from Y to Y	[PD2] from Y to Y	ジミーサムP	self	[PD2] from Y to Y	self-display-fallback
auto	mod:Retro Charts	[PD2] VOiCE -DIVA　MIX-	[PD2] VOiCE -DIVA　MIX-	ラヴリーP	self	[PD2] VOiCE -DIVA　MIX-	self-display-fallback
auto	mod:Retro Charts	[PD2] Promise	[PD2] Promise	samfree	self	[PD2] Promise	self-display-fallback
auto	mod:Retro Charts	[PD2] Innocence	[PD2] Innocence	KazuP	self	[PD2] Innocence	self-display-fallback
auto	mod:Retro Charts	[PDe] Just Be Friends	[PDe] Just Be Friends	Dixie Flatline	self	[PDe] Just Be Friends	self-display-fallback
auto	mod:Retro Charts	[PDe] SPiCa -39's Giving Day Edition-	[PDe] SPiCa -39's Giving Day Edition-	とく	self	[PDe] SPiCa -39's Giving Day Edition-	self-display-fallback
auto	mod:Retro Charts	[PDe] Palette	[PDe] Palette	ゆよゆっぺ/meola	self	[PDe] Palette	self-display-fallback
auto	mod:Retro Charts	[PDe] Starduster	[PDe] Starduster	ジミーサムP	self	[PDe] Starduster	self-display-fallback
auto	mod:Retro Charts	[PDe] StargazeR	[PDe] StargazeR	骨盤P	self	[PDe] StargazeR	self-display-fallback
auto	mod:Retro Charts	[PDe] melody...	[PDe] melody...	mikuru396	self	[PDe] melody...	self-display-fallback
auto	mod:Dystoria's Song Pack	Ex-Otogibanashi	Ex-Otogibanashi	ryo (supercell)	self	Ex-Otogibanashi	self-display-fallback
auto	mod:Dystoria's Song Pack	AiAiA	AiAiA	Ado/Kikuo	self	AiAiA	self-display-fallback
auto	mod:Dystoria's Song Pack	The Big Black	The Big Black	The Quick Brown Fox	self	The Big Black	self-display-fallback
auto	mod:Dystoria's Song Pack	PaperMoon	PaperMoon	Tommy heavenly6	self	PaperMoon	self-display-fallback
auto	mod:Dystoria's Song Pack	Labyrinthine Labyrinth	Labyrinthine Labyrinth	HoloX	self	Labyrinthine Labyrinth	self-display-fallback
auto	mod:Dystoria's Song Pack	Gorgon	Gorgon	Utsu-P	self	Gorgon	self-display-fallback
pending	mod:Project Hoshikuzu - Song Pack	「１」	1	164			missing
pending	mod:Doatz Song Pack	いいや	118	DECO*27			missing
pending	mod:Nitori's Song Pack	Девочка с каре	Девочка с каре	МУККА			missing
pending	mod:Nitori's Song Pack	Я сошла с ума	Я сошла с ума	t.A.T.u			missing
