status	source	name	name_en	author	candidate	name_zh	evidence
auto	jiut	恋は戦争			pv_001	恋爱战争	jiut-song-name-table
auto	jiut	ワールドイズマイン -F2nd Edition-			pv_002	世界第一的公主殿下 -F2nd Edition-	jiut-song-name-table
auto	jiut	メルト -F2nd Edition-			pv_005	Melt -F2nd Edition-	jiut-song-name-table
auto	jiut	ストロボナイツ			pv_007	流光之夜	jiut-song-name-table
auto	jiut	マージナル -F2nd Edition-			pv_012	Marginal -F2nd Edition-	jiut-song-name-table
auto	jiut	フキゲンワルツ			pv_013	不悦的华尔滋	jiut-song-name-table
auto	jiut	ミラクルペイント -F2nd Edition-			pv_014	Miracle Paint -F2nd Edition-	jiut-song-name-table
auto	jiut	恋スルＶＯＣ＠ＬＯＩＤ			pv_016	恋爱的ＶＯＣ＠ＬＯＩＤ	jiut-song-name-table
auto	jiut	ハト			pv_019	鸽子	jiut-song-name-table
auto	jiut	みくみくにしてあげる♪【してやんよ】 -F2nd Edition-			pv_028	把你给MIKUMIKU掉♪【MIKU掉】 -F2nd Edition-	jiut-song-name-table
auto	jiut	えれくとりっく・えんじぇぅ -F2nd Edition-			pv_030	电子天使 -F2nd Edition-	jiut-song-name-table
auto	jiut	あなたの歌姫			pv_031	你的歌姬	jiut-song-name-table
auto	jiut	初音ミクの消失			pv_032	初音未来的消失	jiut-song-name-table
auto	jiut	初めての恋が終わる時 -F2nd Edition-			pv_037	初恋终结之时 -F2nd Edition-	jiut-song-name-table
auto	jiut	こっち向いて Baby -F2nd Edition-			pv_038	向我这边看 Baby -F2nd Edition-	jiut-song-name-table
auto	jiut	ファインダー(DSLR remix - re:edit)			pv_039	Finder (DSLR remix - re:edit)	jiut-song-name-table
auto	jiut	カラフル×メロディ -F2nd Edition-			pv_041	Colorful × Melody -F2nd Edition-	jiut-song-name-table
auto	jiut	初音ミクの激唱 -F2nd Edition-			pv_042	初音未来的激唱 -F2nd Edition-	jiut-song-name-table
auto	jiut	ロミオとシンデレラ -F2nd Edition-			pv_043	罗密欧与灰姑娘 -F2nd Edition-	jiut-song-name-table
auto	jiut	ジェミニ			pv_047	双子座	jiut-song-name-table
auto	jiut	愛言葉 -F2nd Edition-			pv_048	爱言叶 -F2nd Edition-	jiut-song-name-table
auto	jiut	ぽっぴっぽー			pv_049	Po Pi Po	jiut-song-name-table
auto	jiut	サイハテ			pv_050	最终之所	jiut-song-name-table
auto	jiut	恋色病棟			pv_052	恋色病栋	jiut-song-name-table
auto	jiut	ココロ -F2nd Edition-			pv_055	心 -F2nd Edition-	jiut-song-name-table
auto	jiut	右肩の蝶			pv_056	右肩之蝶	jiut-song-name-table
auto	jiut	ダブルラリアット -F2nd Edition-			pv_057	Double Lariat -F2nd Edition-	jiut-song-name-table
auto	jiut	カンタレラ			pv_058	坎特雷拉	jiut-song-name-table
auto	jiut	サウンド			pv_060	Sound	jiut-song-name-table
auto	jiut	クローバー♣クラブ -F2nd Edition-			pv_061	Clover♣Club -F2nd Edition-	jiut-song-name-table
auto	jiut	ハジメテノオト			pv_065	最初的声音	jiut-song-name-table
auto	jiut	えれくとりっく・えんじぇぅ（extend版)			pv_068	电子天使（extend版）	jiut-song-name-table
auto	jiut	歌に形はないけれど -F2nd Edition-			pv_081	虽然歌声无形 -F2nd Edition-	jiut-song-name-table
auto	jiut	裏表ラバーズ -F2nd Edition-			pv_082	里表Lovers -F2nd Edition-	jiut-song-name-table
auto	jiut	*ハロー、プラネット。(I.M.PLSE-EDIT)			pv_083	*你好，行星。(I.M.PLSE-EDIT)	jiut-song-name-table
auto	jiut	那由他の彼方まで -F2nd Edition-			pv_084	直至无尽的远方 -F2nd Edition-	jiut-song-name-table
auto	jiut	孤独の果て -F2nd Edition-			pv_085	孤独的尽头 -F2nd Edition-	jiut-song-name-table
auto	jiut	パズル			pv_086	Puzzle	jiut-song-name-table
auto	jiut	千年の独奏歌 (DIVA edit) -F2nd Edition-			pv_088	千年的独奏歌 (DIVA edit) -F2nd Edition-	jiut-song-name-table
auto	jiut	結んで開いて羅刹と骸 -F2nd Edition-			pv_090	连起来又分开罗刹与骨骸 -F2nd Edition-	jiut-song-name-table
auto	jiut	ローリンガール -F2nd Edition-			pv_091	Rolling Girl -F2nd Edition-	jiut-song-name-table
auto	jiut	パラジクロロベンゼン -F2nd Edition-			pv_093	对二氯苯 -F2nd Edition-	jiut-song-name-table
auto	jiut	番凩 -F2nd Edition-			pv_094	番风 -F2nd Edition-	jiut-song-name-table
auto	jiut	ねこみみスイッチ			pv_095	猫耳开关	jiut-song-name-table
auto	jiut	積乱雲グラフィティ -F2nd Edition-			pv_096	积雨云Graffiti -F2nd Edition-	jiut-song-name-table
auto	jiut	リンリンシグナル -Append Mix-			pv_097	恋爱信号 -Append Mix-	jiut-song-name-table
auto	jiut	多重未来のカルテット -Quartet Theme-			pv_102	多重未来的四重奏 -Quartet Theme-	jiut-song-name-table
auto	jiut	星屑ユートピア			pv_201	星尘乌托邦	jiut-song-name-table
auto	jiut	カラフル×セクシィ			pv_212	Colorful × Sexy	jiut-song-name-table
auto	jiut	ルカルカ★ナイトフィーバー -F2nd Edition-			pv_213	LUKALUKA★NIGHT FEVER -F2nd Edition-	jiut-song-name-table
auto	jiut	白い雪のプリンセスは			pv_218	白如雪的公主啊	jiut-song-name-table
auto	jiut	ワールズエンド・ダンスホール -Live Dance Edition-			pv_220	世末舞厅 -Live Dance Edition-	jiut-song-name-table
auto	jiut	ネコミミアーカイブ			pv_221	猫耳备档	jiut-song-name-table
auto	jiut	ブラックゴールド			pv_222	Black Gold	jiut-song-name-table
auto	jiut	ゆめゆめ			pv_225	梦想梦想	jiut-song-name-table
auto	jiut	妄想スケッチ			pv_227	妄想素描本	jiut-song-name-table
auto	jiut	キップル・インダストリー			pv_231	Kipple Industry, Inc.	jiut-song-name-table
auto	jiut	深海シティアンダーグラウンド			pv_234	深海地下都市	jiut-song-name-table
auto	jiut	トリコロール・エア・ライン			pv_239	三色航空	jiut-song-name-table
auto	jiut	システマティック・ラヴ			pv_240	Systematic Love	jiut-song-name-table
auto	jiut	エレクトロサチュレイタ			pv_241	电子混音器	jiut-song-name-table
auto	jiut	インタビュア			pv_243	Interviewer	jiut-song-name-table
auto	jiut	スノーマン			pv_244	雪人	jiut-song-name-table
auto	jiut	テレカクシ思春期			pv_246	隐羞思春期	jiut-song-name-table
auto	jiut	スイートマジック			pv_247	甜蜜魔法	jiut-song-name-table
auto	jiut	ありふれたせかいせいふく			pv_248	普通不过的世界征服	jiut-song-name-table
auto	jiut	アゲアゲアゲイン			pv_249	Ageage Again	jiut-song-name-table
auto	jiut	はじめまして地球人さん			pv_250	初次见面，地球人	jiut-song-name-table
auto	jiut	アマツキツネ			pv_254	天狐	jiut-song-name-table
auto	jiut	骸骨楽団とリリア			pv_255	骸骨乐团和莉莉亚	jiut-song-name-table
auto	jiut	サンドリヨン			pv_259	Cendrillon	jiut-song-name-table
auto	jiut	アドレサンス			pv_260	Adolescence	jiut-song-name-table
auto	jiut	君の体温			pv_261	你的体温	jiut-song-name-table
auto	jiut	ピアノ×フォルテ×スキャンダル			pv_262	Piano × Forte × Scandal	jiut-song-name-table
auto	jiut	ヒビカセ			pv_265	让声音响遍	jiut-song-name-table
auto	jiut	ゴーストルール			pv_266	幽灵法则	jiut-song-name-table
auto	jiut	砂の惑星 feat.初音ミク			pv_267	砂之惑星 feat.初音未来	jiut-song-name-table
auto	jiut	39みゅーじっく！			pv_269	39music！	jiut-song-name-table
auto	jiut	エイリアンエイリアン			pv_270	外星人外星人	jiut-song-name-table
auto	jiut	テオ			pv_271	将手	jiut-song-name-table
auto	jiut	ヒバナ			pv_272	火花	jiut-song-name-table
auto	jiut	ロキ			pv_273	ROKI	jiut-song-name-table
auto	jiut	ジグソーパズル			pv_274	拼图游戏	jiut-song-name-table
auto	jiut	どりーみんチュチュ			pv_275	Dreamin Chuchu	jiut-song-name-table
auto	jiut	大江戸ジュリアナイト			pv_276	大江户Julia Night	jiut-song-name-table
auto	jiut	ジターバグ			pv_277	JITTERBUG	jiut-song-name-table
auto	jiut	ブレス・ユア・ブレス			pv_278	Bless Your Breath	jiut-song-name-table
auto	jiut	ドラマツルギー			pv_280	拟剧论	jiut-song-name-table
auto	jiut	グリーンライツ・セレナーデ			pv_281	绿光小夜曲	jiut-song-name-table
auto	jiut	巴里映画少女			pv_433	巴黎电影少女	jiut-song-name-table
auto	jiut	デンパラダイム			pv_435	电波模范	jiut-song-name-table
auto	jiut	キャットフード			pv_600	Cat Food	jiut-song-name-table
auto	jiut	モノクロ∞ブルースカイ			pv_601	黑白∞蓝天	jiut-song-name-table
auto	jiut	トリノコシティ			pv_604	鸟木都市	jiut-song-name-table
auto	jiut	え？あぁ、そう。			pv_605	唉？啊，是哦。	jiut-song-name-table
auto	jiut	どういうことなの！？			pv_608	是怎么回事呢！？	jiut-song-name-table
auto	jiut	Nyanyanyanyanyanyanya!			pv_610	喵喵喵喵喵喵喵！	jiut-song-name-table
auto	jiut	タイムマシン			pv_612	时光机	jiut-song-name-table
auto	jiut	ハイハハイニ			pv_613	尘归尘	jiut-song-name-table
auto	jiut	MEGANE			pv_614	眼镜	jiut-song-name-table
auto	jiut	メランコリック			pv_615	忧郁的心情	jiut-song-name-table
auto	jiut	アンハッピーリフレイン			pv_616	Unhappy Refrain	jiut-song-name-table
auto	jiut	ネトゲ廃人シュプレヒコール			pv_617	网游废人齐颂曲	jiut-song-name-table
auto	jiut	天樂			pv_619	天乐	jiut-song-name-table
auto	jiut	リモコン			pv_620	遥控器	jiut-song-name-table
auto	jiut	サマーアイドル			pv_624	夏日偶像	jiut-song-name-table
auto	jiut	ネガポジ＊コンティニューズ			pv_629	Negaposi＊Continues	jiut-song-name-table
auto	jiut	ブラック★ロックシューター			pv_630	BLACK★ROCK SHOOTER	jiut-song-name-table
auto	jiut	夢の続き			pv_631	梦的续章	jiut-song-name-table
auto	jiut	千本桜 -F edition-			pv_637	千本樱 -F edition-	jiut-song-name-table
auto	jiut	東京テディベア			pv_639	东京泰迪熊	jiut-song-name-table
auto	jiut	夢喰い白黒バク			pv_640	食梦的黑白貘	jiut-song-name-table
auto	jiut	リンちゃんなう！			pv_641	铃酱NOW！	jiut-song-name-table
auto	jiut	桜ノ雨			pv_710	樱之雨	jiut-song-name-table
auto	jiut	メテオ			pv_722	Meteor	jiut-song-name-table
auto	jiut	二次元ドリームフィーバー			pv_723	二次元 Dream Fever	jiut-song-name-table
auto	jiut	エンヴィキャットウォーク			pv_724	Envy Cat Walk	jiut-song-name-table
auto	jiut	指切り			pv_725	打勾勾	jiut-song-name-table
auto	jiut	からくりピエロ			pv_726	活动小丑	jiut-song-name-table
auto	jiut	スキキライ			pv_727	喜欢讨厌	jiut-song-name-table
auto	jiut	こちら、幸福安心委員会です。			pv_729	这里是幸福安心委员会	jiut-song-name-table
auto	jiut	アカツキアライヴァル			pv_732	拂晓抵达	jiut-song-name-table
auto	jiut	なりすましゲンガー			pv_733	虚假Ganger	jiut-song-name-table
auto	jiut	壊セ壊セ			pv_734	破坏破坏	jiut-song-name-table
auto	jiut	二息歩行			pv_736	二息步行	jiut-song-name-table
auto	jiut	いかないで			pv_453	别走	jiut-song-name-table
auto	jiut	そうだった！！			pv_461	是的是的！！	jiut-song-name-table
auto	jiut	ニア			pv_915	NEAR	jiut-song-name-table
auto	jiut	ハロ／ハワユ			pv_916	Hello／How are you	jiut-song-name-table
auto	jiut	自傷無色			pv_917	自伤无色	jiut-song-name-table
auto	jiut	シャルル			pv_920	Charles	jiut-song-name-table
auto	jiut	セカイ			pv_921	世界	jiut-song-name-table
auto	jiut	青く駆けろ！			pv_922	奔向蓝天！	jiut-song-name-table
auto	jiut	ハッピーシンセサイザ			pv_923	快乐合成器	jiut-song-name-table
auto	jiut	ビバハピ			pv_924	VIVA HAPPY	jiut-song-name-table
auto	jiut	メルティランドナイトメア			pv_925	Melty Land Nightmare	jiut-song-name-table
auto	jiut	フラジール			pv_926	Fragile	jiut-song-name-table
auto	jiut	potatoになっていく			pv_927	变身土豆	jiut-song-name-table
auto	jiut	アイドル新鋭隊			pv_928	偶像新锐队	jiut-song-name-table
auto	jiut	セカイはまだ始まってすらいない			pv_929	“世界”还没开始	jiut-song-name-table
auto	jiut	アスノヨゾラ哨戒班			pv_930	明日的夜空哨戒班	jiut-song-name-table
auto	jiut	ブリキノダンス			pv_931	马口铁之舞	jiut-song-name-table
auto	jiut	ダンスロボットダンス			pv_932	Dance Robot Dance	jiut-song-name-table
auto	jiut	携帯恋話			pv_935	移动恋话	jiut-song-name-table
auto	jiut	ジャンキーナイトタウンオーケストラ			pv_937	瘾者之夜城镇乐队	jiut-song-name-table
auto	jiut	夜咄ディセイブ			pv_938	夜谈欺骗	jiut-song-name-table
auto	jiut	モア！ジャンプ！モア！			pv_939	MORE! JUMP! MORE!	jiut-song-name-table
auto	jiut	命に嫌われている。			pv_940	被生命所厌恶。	jiut-song-name-table
auto	jiut	ステラ			pv_941	Stella	jiut-song-name-table
auto	jiut	悔やむと書いてミライ			pv_942	写着后悔的未来	jiut-song-name-table
auto	jiut	ジャックポットサッドガール			pv_943	Jackpot Sad Girl	jiut-song-name-table
auto	jiut	ネクストネスト			pv_944	Next Nest	jiut-song-name-table
auto	jiut	ぼうけんのしょがきえました！			pv_945	冒险书消失了！	jiut-song-name-table
auto	jiut	ドクター＝ファンクビート			pv_946	Doctor=Funk Beat	jiut-song-name-table
auto	jiut	脱法ロック			pv_947	逃避法律摇滚	jiut-song-name-table
auto	jiut	ワーワーワールド			pv_949	哇哇世界	jiut-song-name-table
auto	jiut	お気に召すまま			pv_951	皆大欢喜	jiut-song-name-table
auto	jiut	おばけのウケねらい			pv_953	拍鬼怪的马屁	jiut-song-name-table
auto	jiut	ライナ			pv_954	LINER	jiut-song-name-table
auto	jiut	さよなら、優等生			pv_958	再见，优等生	jiut-song-name-table
auto	jiut	限りなく灰色へ			pv_960	向着无尽之灰	jiut-song-name-table
auto	jiut	ボッカデラベリタ			pv_961	真理之口	jiut-song-name-table
auto	jiut	天使のクローバー			pv_962	天使的幸运草	jiut-song-name-table
auto	jiut	才能の有無を忘れてしまう程に			pv_963	忘却了有无才能的程度	jiut-song-name-table
auto	jiut	愛されなくても君がいる			pv_964	就算没有爱 只要有你就好	jiut-song-name-table
auto	jiut	チュルリラ・チュルリラ・ダッダッダ！			pv_966	啾噜哩啦·啾噜哩啦·哒哒哒！	jiut-song-name-table
auto	jiut	とても痛い痛がりたい			pv_967	痛并渴痛	jiut-song-name-table
auto	jiut	ワンスアポンアドリーム			pv_968	Once Upon A Dream	jiut-song-name-table
auto	jiut	霽れを待つ			pv_969	等待雨晴	jiut-song-name-table
auto	jiut	ニジイロストーリーズ			pv_971	虹色物语	jiut-song-name-table
auto	jiut	ミルククラウン・オン・ソーネチカ			pv_974	女帝头上的牛奶花冠	jiut-song-name-table
auto	jiut	ポジティブ☆ダンスタイム			pv_976	Positive☆Dance Time	jiut-song-name-table
auto	jiut	アンノウン・マザーグース			pv_977	Unknown Mother-Goose	jiut-song-name-table
auto	jiut	ワールズエンド・ダンスホール -F Edition-			pv_606	世末舞厅 -F Edition-	jiut-song-name-table
auto	jiut	ぽっぴっぽー F's Special edition			pv_643	Po Pi Po F's Special edition	jiut-song-name-table
auto	jiut	カゲロウデイズ			pv_721	阳炎眩乱	jiut-song-name-table
auto	jiut	カンタレラ ～grace edition～			pv_735	坎特雷拉 ～grace edition～	jiut-song-name-table
auto	mod:X Song Pack	ハジメテノオト -X Edition-	The First Sound -X Edition-	malo	ハジメテノオト	最初的声音	name-normalized+existing-exact
auto	mod:Retro Charts	[PD1] 恋は戦争	[PD1] Love is War	ryo	恋は戦争	恋爱战争	name-normalized+existing-exact
auto	mod:Retro Charts	[PD1/PD2] ワールドイズマイン	[PD1/PD2] The World is Mine	ryo	ワールドイズマイン	世界第一的公主殿下	name-normalized+existing-normalized
auto	mod:Retro Charts	[PD1/PD2] メルト	[PD1/PD2] Melt	ryo	メルト	Melt	name-normalized+existing-normalized
auto	mod:Retro Charts	[PD1/PD2] ストロボナイツ	[PD1/PD2] Strobo Nights	kz	ストロボナイツ	流光之夜	name-normalized+existing-exact
auto	mod:Retro Charts	[PD1/PD2] マージナル	[PD1/PD2] Marginal	OSTER project	マージナル	Marginal	name-normalized+existing-normalized
auto	mod:Retro Charts	[PD1] フキゲンワルツ	[PD1] Grumpy Waltz	OSTER project	フキゲンワルツ	不悦的华尔滋	name-normalized+existing-exact
auto	mod:Retro Charts	[PD1/PD2] ミラクルペイント	[PD1/PD2] Miracle Paint	OSTER project	ミラクルペイント	Miracle Paint	name-normalized+existing-normalized
auto	mod:Retro Charts	[PD1] 恋スルＶＯＣ＠ＬＯＩＤ	[PD1] VOC@LOID in Love	OSTER project	恋スルＶＯＣ＠ＬＯＩＤ	恋爱的ＶＯＣ＠ＬＯＩＤ	name-normalized+existing-exact
auto	mod:Retro Charts	[PD1/PD2]ハト	[PD1/PD2] White Dove	秦野P	ハト	鸽子	name-normalized+existing-exact
auto	mod:Retro Charts	[PD1/PD2] みくみくにしてあげる♪【してやんよ】	[PD1/PD2] I'll Miku-Miku You♪ (For Reals)	ika_mo	みくみくにしてあげる♪【してやんよ】	把你给MIKUMIKU掉♪【MIKU掉】	name-normalized+existing-normalized
auto	mod:Retro Charts	[PD1/PDe] えれくとりっく・えんじぇぅ	[PD1/PDe] Electric Angel	ヤスオ	えれくとりっく・えんじぇぅ	电子天使	name-normalized+existing-normalized
auto	mod:Retro Charts	[PD1/PDe] あなたの歌姫	[PD1/PDe] I'm Your Diva	azuma	あなたの歌姫	你的歌姬	name-normalized+existing-exact
auto	mod:Retro Charts	[PD1/PDe] 初音ミクの消失	[PD1/PDe] The Disappearance of Hatsune Miku	cosMo＠暴走P	初音ミクの消失	初音未来的消失	name-normalized+existing-exact
auto	mod:Retro Charts	[PD2] 初めての恋が終わる時	[PD2] When First Love Ends	ryo	初めての恋が終わる時	初恋终结之时	name-normalized+existing-normalized
auto	mod:Retro Charts	[PDe] こっち向いて Baby	[PDe] Look This Way, Baby	ryo	こっち向いて Baby	向我这边看 Baby	name-normalized+existing-normalized
auto	mod:Retro Charts	[PD2] ファインダー(DSLR remix - re:edit)	[PD2] Finder (DSLR remix - re:edit)	kz	ファインダー(DSLR remix - re:edit)	Finder (DSLR remix - re:edit)	name-normalized+existing-exact
auto	mod:Retro Charts	[PDe] カラフル×メロディ	[PDe] Colorful × Melody	doriko	カラフル×メロディ	Colorful × Melody	name-normalized+existing-normalized
auto	mod:Retro Charts	[PDe] 初音ミクの激唱	[PDe] The Intense Voice of Hatsune Miku	Storyteller	初音ミクの激唱	初音未来的激唱	name-normalized+existing-normalized
auto	mod:Retro Charts	[PD2] ロミオとシンデレラ	[PD2] Romeo and Cinderella	doriko	ロミオとシンデレラ	罗密欧与灰姑娘	name-normalized+existing-normalized
auto	mod:Retro Charts	[PD2] ジェミニ	[PD2] Gemini	Dixie Flatline	ジェミニ	双子座	name-normalized+existing-exact
auto	mod:Retro Charts	[PD2] 愛言葉	[PD2] Aikotoba	DECO*27	愛言葉	爱言叶	name-normalized+existing-normalized
auto	mod:Retro Charts	[PD2] ぽっぴっぽー	[PD2] Po Pi Po	ラマーズP	ぽっぴっぽー	Po Pi Po	name-normalized+existing-exact
auto	mod:Retro Charts	[PD2] サイハテ	[PD2] Saihate	小林オニキス	サイハテ	最终之所	name-normalized+existing-exact
auto	mod:Retro Charts	[PD2] 恋色病棟	[PD2] Love-Colored Ward	OSTER project	恋色病棟	恋色病栋	name-normalized+existing-exact
auto	mod:Retro Charts	[PD2] ココロ	[PD2] Kokoro	トラボルタ	ココロ	心	name-normalized+existing-normalized
auto	mod:Retro Charts	[PD2] 右肩の蝶	[PD2] Butterfly on Your Right Shoulder	のりぴー	右肩の蝶	右肩之蝶	name-normalized+existing-exact
auto	mod:Retro Charts	[PD2] ダブルラリアット	[PD2] Double Lariat	アゴアニキ	ダブルラリアット	Double Lariat	name-normalized+existing-normalized
auto	mod:Retro Charts	[PD2] カンタレラ	[PD2] Cantarella	黒うさ	カンタレラ	坎特雷拉	name-normalized+existing-exact
auto	mod:Retro Charts	[PD2] サウンド	[PD2] Sound	baker	サウンド	Sound	name-normalized+existing-exact
auto	mod:Retro Charts	[PD2] ハジメテノオト	[PD2] The First Sound	malo	ハジメテノオト	最初的声音	name-normalized+existing-exact
auto	mod:Retro Charts	[PDe] 歌に形はないけれど	[PDe] Though My Song Has No Form	doriko	歌に形はないけれど	虽然歌声无形	name-normalized+existing-normalized
auto	mod:Retro Charts	[PDe] 裏表ラバーズ	[PDe] Two-Sided Lovers	wowaka	裏表ラバーズ	里表Lovers	name-normalized+existing-normalized
auto	mod:Retro Charts	[PDe] *ハロー、プラネット。(I.M.PLSE-EDIT)	[PDe] *Hello, Planet.	sasakure.UK	*ハロー、プラネット。(I.M.PLSE-EDIT)	*你好，行星。(I.M.PLSE-EDIT)	name-normalized+existing-exact
auto	mod:Retro Charts	[PDe] 那由他の彼方まで	[PDe] To the End of Infinity	釣り師P	那由他の彼方まで	直至无尽的远方	name-normalized+existing-normalized
auto	mod:Retro Charts	[PDe] パズル	[PDe] Puzzle	クワガタP	パズル	Puzzle	name-normalized+existing-exact
auto	mod:Retro Charts	[PDe] 千年の独奏歌 (DIVA edit)	[PDe] Thousand Year Solo (DIVA Edit)	yanagi	千年の独奏歌 (DIVA edit)	千年的独奏歌 (DIVA edit)	name-normalized+existing-normalized
auto	mod:Retro Charts	[PDe] 結んで開いて羅刹と骸	[PDe] Close and Open, Demons and The Dead	ハチ	結んで開いて羅刹と骸	连起来又分开罗刹与骨骸	name-normalized+existing-normalized
auto	mod:Retro Charts	[PDe] ローリンガール	[PDe] Rolling Girl	wowaka	ローリンガール	Rolling Girl	name-normalized+existing-normalized
auto	mod:Retro Charts	[PDe] パラジクロロベンゼン	[PDe] Paradichlorobenzene	オワタP	パラジクロロベンゼン	对二氯苯	name-normalized+existing-normalized
auto	mod:Retro Charts	[PDe] 番凩	[PDe] Wintry Winds	hinayukki@仕事してP	番凩	番风	name-normalized+existing-normalized
auto	mod:Retro Charts	[PDe] ねこみみスイッチ	[PDe] NekoMimi Switch	daniwell	ねこみみスイッチ	猫耳开关	name-normalized+existing-exact
auto	mod:Retro Charts	[PDe] 積乱雲グラフィティ	[PDe] Sekiranun Graffiti	ryo	積乱雲グラフィティ	积雨云Graffiti	name-normalized+existing-normalized
auto	mod:Retro Charts	[PDe] リンリンシグナル -Append Mix-	[PDe] RinRin Signal -Append Mix-	Dios/シグナルP	リンリンシグナル -Append Mix-	恋爱信号 -Append Mix-	name-normalized+existing-exact
auto	mod:Retro Charts	[PDe] 星屑ユートピア	[PDe] Stardust Utopia	otetsu	星屑ユートピア	星尘乌托邦	name-normalized+existing-exact
auto	mod:Retro Charts	[PDe] カラフル×セクシィ	[PDe] Colorful × Sexy	doriko	カラフル×セクシィ	Colorful × Sexy	name-normalized+existing-exact
auto	mod:Retro Charts	[PDe] ルカルカ★ナイトフィーバー	[PDe] Luka Luka ★ Night Fever	samfree	ルカルカ★ナイトフィーバー	LUKALUKA★NIGHT FEVER	name-normalized+existing-normalized
auto	pdaft-zh:mod:F2nd Song Pack	Packaged -F2nd Edition-	Packaged -F2nd Edition-	kz	pv_10	Packaged	pdaft-zh-release-pv-db
auto	pdaft-zh:mod:F2nd Song Pack	Yellow -F2nd Edition-	Yellow -F2nd Edition-	kz	pv_40	Yellow	pdaft-zh-release-pv-db
auto	pdaft-zh:mod:F2nd Song Pack	magnet -F2nd Edition-	magnet -F2nd Edition-	minato（流星P）	pv_44	magnet	pdaft-zh-release-pv-db
auto	pdaft-zh:mod:F2nd Song Pack	炉心融解 -F2nd Edition-	Roshin Yukai -F2nd Edition-	iroha(sasaki)	pv_54	炉心融解	pdaft-zh-release-pv-db
auto	pdaft-zh:mod:F2nd Song Pack	Change me -F2nd Edition-	Change me -F2nd Edition-	shu-t	pv_59	Change me	pdaft-zh-release-pv-db
auto	pdaft-zh:mod:F2nd Song Pack	Promise -F2nd Edition-	Promise -F2nd Edition-	samfree	pv_62	Promise	pdaft-zh-release-pv-db
auto	pdaft-zh:mod:F2nd Song Pack	Just Be Friends -F2nd Edition-	Just Be Friends -F2nd Edition-	Dixie Flatline	pv_66	Just Be Friends	pdaft-zh-release-pv-db
auto	pdaft-zh:mod:F2nd Song Pack	SPiCa -F2nd's 39's Giving Day Edition-	SPiCa -F2nd's 39's Giving Day Edition-	とく	pv_79	SPiCa -39's Giving Day Edition-	pdaft-zh-release-pv-db
auto	pdaft-zh:mod:F2nd Song Pack	Rosary Pale -F2nd Edition-	Rosary Pale -F2nd Edition-	新城P	pv_224	Rosary Pale	pdaft-zh-release-pv-db
auto	mod:Restore Cut Songs	Ievan Polkka	Ievan Polkka	フィンランド民謡	self	Ievan Polkka	self-display-fallback
auto	mod:Project Hoshikuzu - Song Pack	KING	KING	Kanaria	self	KING	self-display-fallback
auto	mod:Project Hoshikuzu - Song Pack	Glory Steady Go!	Glory Steady Go!	キノシタ	self	Glory Steady Go!	self-display-fallback
auto	mod:Project Hoshikuzu - Song Pack	Flyer!	Flyer!	Chinozo	self	Flyer!	self-display-fallback
auto	mod:Project Hoshikuzu - Song Pack	HERO	HERO	Ayase	self	HERO	self-display-fallback
auto	mod:Project Hoshikuzu - Song Pack	STAGE OF SEKAI	STAGE OF SEKAI	はりーP	self	STAGE OF SEKAI	self-display-fallback
auto	mod:Project Hoshikuzu - Song Pack	Peaky Peaky	Peaky Peaky	みきとP	self	Peaky Peaky	self-display-fallback
auto	mod:Cabra's Song Pack	THUNDERBOLT	THUNDERBOLT	jon-YAKITORY	self	THUNDERBOLT	self-display-fallback
auto	mod:Cabra's Song Pack	Just a Mount	Just a Mount	高生紳士	self	Just a Mount	self-display-fallback
auto	mod:Cabra's Song Pack	Why do I	Why do I	Set it off	self	Why do I	self-display-fallback
auto	mod:X Song Pack	Hand in Hand -X Edition-	Hand in Hand -X Edition-	kz	self	Hand in Hand -X Edition-	self-display-fallback
auto	mod:X Song Pack	Strangers	Strangers	Heavenz	self	Strangers	self-display-fallback
auto	mod:X Song Pack	LOL -lots of laugh- -X Edition-	LOL -lots of laugh- -X Edition-	KeN	self	LOL -lots of laugh- -X Edition-	self-display-fallback
auto	mod:X Song Pack	Calc.	Calc.	ジミーサムP	self	Calc.	self-display-fallback
auto	mod:X Song Pack	Amazing Dolce	Amazing Dolce	ひとしずくP	self	Amazing Dolce	self-display-fallback
auto	mod:X Song Pack	Satisfaction	Satisfaction	kz	self	Satisfaction	self-display-fallback
auto	mod:X Song Pack	Sharing The World	Sharing The World	BIGHEAD	self	Sharing The World	self-display-fallback
auto	mod:lavverso Song Pack	Digital Girl	Digital Girl	KIRA	self	Digital Girl	self-display-fallback
auto	mod:lavverso Song Pack	LUVORATORRRRRY!	LUVORATORRRRRY!	ギガP/れをる	self	LUVORATORRRRRY!	self-display-fallback
auto	mod:lavverso Song Pack	MIRA	MIRA	Kanaria	self	MIRA	self-display-fallback
auto	mod:lavverso Song Pack	BlackFlagBreaker!!	BlackFlagBreaker!!	sasakure.UK	self	BlackFlagBreaker!!	self-display-fallback
auto	mod:lavverso Song Pack	Makeup	Makeup	香椎モイミ	self	Makeup	self-display-fallback
auto	mod:lavverso Song Pack	4BLOOD	4BLOOD	KIRA	self	4BLOOD	self-display-fallback
auto	mod:Project Hoshikuzu - Song Pack	Blessing	Blessing	halyosy, 紅い流星, ゴサマル	self	Blessing	self-display-fallback
auto	mod:Project Hoshikuzu - Song Pack	Alive	Alive	市瀬るぽ	self	Alive	self-display-fallback
auto	mod:Project Hoshikuzu - Song Pack	needLe	needLe	DECO*27	self	needLe	self-display-fallback
auto	mod:Project Hoshikuzu - Song Pack	Ready Steady	Ready Steady	ギガP	self	Ready Steady	self-display-fallback
auto	mod:Project Hoshikuzu - Song Pack	Gimme×Gimme	Gimme×Gimme	ギガP, 八王子P	self	Gimme×Gimme	self-display-fallback
auto	mod:Project Hoshikuzu - Song Pack	ECHO	ECHO		self	ECHO	self-display-fallback
auto	mod:Project Hoshikuzu - Song Pack	Forward	Forward	R Sound Design	self	Forward	self-display-fallback
auto	mod:Project Hoshikuzu - Song Pack	Brand New Day	Brand New Day	いるかアイス	self	Brand New Day	self-display-fallback
auto	mod:Project Hoshikuzu - Song Pack	Color of Drops	Color of Drops	40mP	self	Color of Drops	self-display-fallback
auto	mod:Project Hoshikuzu - Song Pack	drop pop candy	drop pop candy	ギガP	self	drop pop candy	self-display-fallback
auto	mod:Project Hoshikuzu - Song Pack	RAD DOGS	RAD DOGS	八王子P	self	RAD DOGS	self-display-fallback
auto	mod:EdenMasochistPack	Tempestissimo	Tempestissimo	t+pazolite	self	Tempestissimo	self-display-fallback
auto	mod:EdenMasochistPack	ENDYMION	ENDYMION	ARM/RabbiTon Strings	self	ENDYMION	self-display-fallback
auto	mod:EdenMasochistPack	Misfortune	Misfortune	χ-kai-	self	Misfortune	self-display-fallback
auto	mod:EdenMasochistPack	boku-boku II	boku-boku II	AVTechNO	self	boku-boku II	self-display-fallback
auto	mod:EdenMasochistPack	FREEDOM DiVE↓	FREEDOM DiVE↓	XI	self	FREEDOM DiVE↓	self-display-fallback
auto	mod:EdenMasochistPack	ANTI THE∞HOLiC	ANTI THE∞HOLiC	cosMo＠暴走P	self	ANTI THE∞HOLiC	self-display-fallback
auto	mod:EdenMasochistPack	Anti the EuphoriaHOLiC	Anti the EuphoriaHOLiC	cosMo＠暴走P	self	Anti the EuphoriaHOLiC	self-display-fallback
auto	mod:EdenMasochistPack	Alice in N.Y.	Alice in N.Y.	ひとしずくP/やま△	self	Alice in N.Y.	self-display-fallback
auto	mod:Cabra's Song Pack	＋♂	＋♂	Giga	self	＋♂	self-display-fallback
auto	mod:Cabra's Song Pack	POMPADOUR	POMPADOUR	OSTER Project	self	POMPADOUR	self-display-fallback
auto	mod:Cabra's Song Pack	Beyond the Way	Beyond the Way	Giga	self	Beyond the Way	self-display-fallback
auto	mod:zombzach's song pack	SUSHI-GO-ROUND	SUSHI-GO-ROUND	鬱P	self	SUSHI-GO-ROUND	self-display-fallback
auto	mod:zombzach's song pack	Loveit?	Loveit?	biz&ZERA	self	Loveit?	self-display-fallback
auto	mod:zombzach's song pack	Happy Coaster	Happy Coaster	emon(Tes.)	self	Happy Coaster	self-display-fallback
auto	mod:zombzach's song pack	ULTRA C	ULTRA C	Giga & TeddyLoid	self	ULTRA C	self-display-fallback
auto	mod:WACCA Mini Songpack	Let you DIVE!	Let you DIVE!	Hardcore TANO*C	self	Let you DIVE!	self-display-fallback
auto	mod:WACCA Mini Songpack	with U	with U	t+pazolite & Massive New Krew	self	with U	self-display-fallback
auto	mod:WACCA Mini Songpack	Ouvertüre	Ouvertüre	USAO & DJ Genki	self	Ouvertüre	self-display-fallback
auto	mod:Doatz Song Pack	Sinner	Sinner	オカメP	self	Sinner	self-display-fallback
auto	mod:Doatz Song Pack	Always Be ^o^	Always Be ^o^	StaticP	self	Always Be ^o^	self-display-fallback
auto	mod:Doatz Song Pack	G.H.O.S.T.	G.H.O.S.T.	EMIRI	self	G.H.O.S.T.	self-display-fallback
auto	mod:Doatz Song Pack	KITSUNE Patissiere	KITSUNE Patissiere	まらしぃ	self	KITSUNE Patissiere	self-display-fallback
auto	mod:Doatz Song Pack	Whisper Whisper Whisper	Whisper Whisper Whisper	Azari	self	Whisper Whisper Whisper	self-display-fallback
auto	mod:Doatz Song Pack	2.14	2.14	オカメP	self	2.14	self-display-fallback
auto	mod:Doatz Song Pack	THE DYING MESSAGE	THE DYING MESSAGE	鬱P	self	THE DYING MESSAGE	self-display-fallback
auto	mod:Doatz Song Pack	SnowMix♪	SnowMix♪	まらしぃ	self	SnowMix♪	self-display-fallback
auto	mod:Doatz Song Pack	Fondant Step	Fondant Step	ヘブンズP	self	Fondant Step	self-display-fallback
auto	mod:Doatz Song Pack	Snow Fairy Story	Snow Fairy Story	40mP	self	Snow Fairy Story	self-display-fallback
auto	mod:Doatz Song Pack	Snow Song Show	Snow Song Show	ささくれUK	self	Snow Song Show	self-display-fallback
auto	mod:Doatz Song Pack	Die For You	Die For You	オカメP	self	Die For You	self-display-fallback
auto	mod:Doatz Song Pack	Reon - Remind Version	Reon - Remind Version	ゆよゆっぺ	self	Reon - Remind Version	self-display-fallback
auto	mod:Doatz Song Pack	JUVENILE	JUVENILE	じん	self	JUVENILE	self-display-fallback
auto	mod:Doatz Song Pack	Round and Land	Round and Land	前線	self	Round and Land	self-display-fallback
auto	mod:Doatz Song Pack	CH4NGE	CH4NGE	Giga	self	CH4NGE	self-display-fallback
auto	mod:Doatz Song Pack	CRACKS	CRACKS	EMIRI	self	CRACKS	self-display-fallback
auto	mod:Doatz Song Pack	INTERGALACTIA	INTERGALACTIA	KIRA	self	INTERGALACTIA	self-display-fallback
auto	mod:Doatz Song Pack	GANGNAM STYLE	GANGNAM STYLE	PSY	self	GANGNAM STYLE	self-display-fallback
auto	mod:Doatz Song Pack	Into Starlight	Into Starlight	KURIS, YUICHI NAKASE	self	Into Starlight	self-display-fallback
auto	mod:Doatz Song Pack	Encounter	Encounter	Orangestar	self	Encounter	self-display-fallback
auto	mod:Doatz Song Pack	PARTY ROCK ETERNITY	PARTY ROCK ETERNITY	Hachioji-P	self	PARTY ROCK ETERNITY	self-display-fallback
auto	mod:Doatz Song Pack	Glorious Day	Glorious Day	いぶ	self	Glorious Day	self-display-fallback
auto	mod:Doatz Song Pack	Snowdome	Snowdome	wotaku	self	Snowdome	self-display-fallback
auto	mod:Nitori's Song Pack	DYE/Re:flection+	DYE/Re:flection+	AVTechNO!	self	DYE/Re:flection+	self-display-fallback
auto	mod:Onneb's Song Pack	"Don't say ""lazy"""	"Don't say ""lazy"""	前澤寛之	self	"Don't say ""lazy"""	self-display-fallback
auto	mod:Onneb's Song Pack	Listen!!	Listen!!	前澤寛之	self	Listen!!	self-display-fallback
auto	mod:Onneb's Song Pack	NO, Thank You!	NO, Thank You!	前澤寛之	self	NO, Thank You!	self-display-fallback
auto	mod:zombzach's song pack	WAYWARD ROMANCE	WAYWARD ROMANCE	FLAVOR FOLEY	self	WAYWARD ROMANCE	self-display-fallback
auto	mod:zombzach's song pack	Butcher Vanity	Butcher Vanity	Jamie Paige	self	Butcher Vanity	self-display-fallback
auto	mod:zombzach's song pack	Millennia	Millennia	EMIRI	self	Millennia	self-display-fallback
auto	mod:Nitori's Song Pack	INTERNET OVERDOSE	INTERNET OVERDOSE	Aiobahn	self	INTERNET OVERDOSE	self-display-fallback
auto	mod:Nitori's Song Pack	Miku's Little Dark Age	Miku's Little Dark Age	Astrophysics	self	Miku's Little Dark Age	self-display-fallback
auto	mod:Nitori's Song Pack	The Model	The Model	Astrophysics	self	The Model	self-display-fallback
auto	mod:Nitori's Song Pack	Sea is	Sea is	きくお	self	Sea is	self-display-fallback
auto	mod:Nitori's Song Pack	INTERNET YAMERO	INTERNET YAMERO	Aiobahn	self	INTERNET YAMERO	self-display-fallback
auto	mod:Nitori's Song Pack	Calalini	Calalini	CrusherP	self	Calalini	self-display-fallback
auto	mod:Nitori's Song Pack	Blinding Lights	Blinding Lights	The Weeknd	self	Blinding Lights	self-display-fallback
auto	mod:Nitori's Song Pack	Somebody That I Used to Know	Somebody That I Used to Know	Gotye	self	Somebody That I Used to Know	self-display-fallback
auto	mod:Nitori's Song Pack	B Who I Want 2 B	B Who I Want 2 B	SOPHIE × Mitchie M	self	B Who I Want 2 B	self-display-fallback
auto	mod:Nitori's Song Pack	Miku's Oblivion (Astrophysics Take)	Miku's Oblivion (Astrophysics Take)	Astrophysics	self	Miku's Oblivion (Astrophysics Take)	self-display-fallback
auto	mod:Nitori's Song Pack	Friday Night	Friday Night	SEGA SOUND TEAM	self	Friday Night	self-display-fallback
auto	mod:Nitori's Song Pack	Plastic Beach	Plastic Beach	Gorillaz	self	Plastic Beach	self-display-fallback
auto	mod:Nitori's Song Pack	Moteur Action (SOPHIE & A. G. Cook remix)	Moteur Action (SOPHIE & A. G. Cook remix)	Yelle, SOPHIE, A. G. Cook	self	Moteur Action (SOPHIE & A. G. Cook remix)	self-display-fallback
auto	mod:Nitori's Song Pack	Never Gonna Give You Up	Never Gonna Give You Up	Rick Astley	self	Never Gonna Give You Up	self-display-fallback
auto	mod:Nitori's Song Pack	Take On Me (Astrophysics Take)	Take On Me (Astrophysics Take)	Astrophysics	self	Take On Me (Astrophysics Take)	self-display-fallback
auto	mod:Nitori's Song Pack	All the Things She Said	All the Things She Said	t.A.T.u	self	All the Things She Said	self-display-fallback
auto	mod:Nitori's Song Pack	Axel F	Axel F	Crazy Frog	self	Axel F	self-display-fallback
auto	mod:Nitori's Song Pack	Tren Al Sur	Tren Al Sur	Los Prisioneros	self	Tren Al Sur	self-display-fallback
auto	mod:Nitori's Song Pack	The Glorious Octagon of Destiny	The Glorious Octagon of Destiny	NOMA	self	The Glorious Octagon of Destiny	self-display-fallback
auto	mod:Nitori's Song Pack	Hardkore of the North	Hardkore of the North	Diclonius kiD	self	Hardkore of the North	self-display-fallback
auto	mod:Nitori's Song Pack	THE POWER OF TERRY	THE POWER OF TERRY	Old Spice Collaboration Team	self	THE POWER OF TERRY	self-display-fallback
auto	mod:Nitori's Song Pack	Black Swan	Black Swan	BTS	self	Black Swan	self-display-fallback
auto	mod:Nitori's Song Pack	SCREAM	SCREAM	梅とら	self	SCREAM	self-display-fallback
auto	mod:Nitori's Song Pack	Nebula	Nebula	Tripshots, Yusuke	self	Nebula	self-display-fallback
auto	mod:Nitori's Song Pack	Galaxy Collapse	Galaxy Collapse	黒皇帝	self	Galaxy Collapse	self-display-fallback
auto	mod:Nitori's Song Pack	Beat It	Beat It	Michael Jackson	self	Beat It	self-display-fallback
auto	mod:Nitori's Song Pack	Thriller	Thriller	Michael Jackson	self	Thriller	self-display-fallback
auto	mod:Nitori's Song Pack	Bad Apple!! feat.nomico	Bad Apple!! feat.nomico	マサヨシ ミノシマ	self	Bad Apple!! feat.nomico	self-display-fallback
auto	mod:Nitori's Song Pack	Ms. Miku After Dark	Ms. Miku After Dark	Mr.Kitty / Astrophysics	self	Ms. Miku After Dark	self-display-fallback
auto	mod:Nitori's Song Pack	aiSeNMa	aiSeNMa	CircusP	self	aiSeNMa	self-display-fallback
auto	mod:Nitori's Song Pack	8 Awesome Angles of YouTube	8 Awesome Angles of YouTube	NOMA	self	8 Awesome Angles of YouTube	self-display-fallback
auto	mod:Nitori's Song Pack	Miku's Bizarre Love Triangle	Miku's Bizarre Love Triangle	New Order / Astrophysics	self	Miku's Bizarre Love Triangle	self-display-fallback
auto	mod:Nitori's Song Pack	Miku's On Melancholy Hill	Miku's On Melancholy Hill	Gorillaz / Astrophysics	self	Miku's On Melancholy Hill	self-display-fallback
auto	mod:Nitori's Song Pack	Adios	Adios	Eun Ji Won	self	Adios	self-display-fallback
auto	mod:Nitori's Song Pack	BANG BANG BANG	BANG BANG BANG	BigBang	self	BANG BANG BANG	self-display-fallback
auto	mod:Nitori's Song Pack	FANTASTIC BABY	FANTASTIC BABY	BigBang	self	FANTASTIC BABY	self-display-fallback
auto	mod:Nitori's Song Pack	Tell me (FRNK Remix)	Tell me (FRNK Remix)	NewJeans	self	Tell me (FRNK Remix)	self-display-fallback
auto	mod:Nitori's Song Pack	WILDFIRE!!	WILDFIRE!!	CIRCRUSH	self	WILDFIRE!!	self-display-fallback
auto	mod:Nitori's Song Pack	iNSaNiTY	iNSaNiTY	CircusP	self	iNSaNiTY	self-display-fallback
auto	mod:Nitori's Song Pack	WARNING×WARNING×WARNING	WARNING×WARNING×WARNING	ACTRock	self	WARNING×WARNING×WARNING	self-display-fallback
auto	mod:Nitori's Song Pack	Mirrrrrors	Mirrrrrors	エーコ	self	Mirrrrrors	self-display-fallback
auto	mod:Nitori's Song Pack	Backslash	Backslash	かめりあ	self	Backslash	self-display-fallback
auto	mod:Nitori's Song Pack	BAILE DA MIKU II - CADEIA PARALELA	BAILE DA MIKU II - CADEIA PARALELA	Astrophysics & DJ DENGUE	self	BAILE DA MIKU II - CADEIA PARALELA	self-display-fallback
auto	mod:Nitori's Song Pack	Miku's Nightcall	Miku's Nightcall	Kavinsky / Astrophysics	self	Miku's Nightcall	self-display-fallback
auto	mod:Nitori's Song Pack	hardbass night	hardbass night	Ferry	self	hardbass night	self-display-fallback
auto	mod:Nitori's Song Pack	GEDO	GEDO	daraku	self	GEDO	self-display-fallback
auto	mod:Nitori's Song Pack	Virtual Insanity	Virtual Insanity	Jamiroquai	self	Virtual Insanity	self-display-fallback
auto	mod:Nitori's Song Pack	Karma	Karma	ampstyle	self	Karma	self-display-fallback
auto	mod:Nitori's Song Pack	ANGELIST	ANGELIST	OZ	self	ANGELIST	self-display-fallback
auto	mod:Nitori's Song Pack	mochimochi	mochimochi	TAK	self	mochimochi	self-display-fallback
auto	mod:Nitori's Song Pack	Paranoid Android	Paranoid Android	Radiohead	self	Paranoid Android	self-display-fallback
auto	mod:Nitori's Song Pack	CRUSH	CRUSH	ZEROBASEONE	self	CRUSH	self-display-fallback
auto	mod:Nitori's Song Pack	Miku is Head Over Heels	Miku is Head Over Heels	Astrophysics	self	Miku is Head Over Heels	self-display-fallback
auto	mod:Nitori's Song Pack	Heart Beats	Heart Beats	emon(Tes.)	self	Heart Beats	self-display-fallback
auto	mod:Nitori's Song Pack	Bury the Light Eurobeat Remix	Bury the Light Eurobeat Remix	Casey Edwards / Turbo	self	Bury the Light Eurobeat Remix	self-display-fallback
auto	mod:Nitori's Song Pack	MAWARU INFINITY -Project DIVA edition-	MAWARU INFINITY -Project DIVA edition-	TaroNuke & Kimsynth	self	MAWARU INFINITY -Project DIVA edition-	self-display-fallback
auto	mod:Onneb's Song Pack	FOMENT	FOMENT	Sumia	self	FOMENT	self-display-fallback
auto	mod:Onneb's Song Pack	Vørstia	Vørstia	Shiena	self	Vørstia	self-display-fallback
auto	mod:Onneb's Song Pack	only my railgun	only my railgun	fripSide	self	only my railgun	self-display-fallback
auto	mod:Onneb's Song Pack	my crush	my crush	香椎モイミ	self	my crush	self-display-fallback
auto	mod:Onneb's Song Pack	Dream goes on	Dream goes on	Tiny Minim	self	Dream goes on	self-display-fallback
auto	mod:Onneb's Song Pack	Wilt	Wilt	VerseQuence	self	Wilt	self-display-fallback
auto	mod:Onneb's Song Pack	POKÉDANCE	POKÉDANCE	本多友紀 feat. ななひら	self	POKÉDANCE	self-display-fallback
auto	mod:Onneb's Song Pack	M@GICAL☆CURE! LOVE ♥ SHOT!	M@GICAL☆CURE! LOVE ♥ SHOT!	SAWTOWNE	self	M@GICAL☆CURE! LOVE ♥ SHOT!	self-display-fallback
auto	mod:alocin Song Pack	Snow Mile	Snow Mile	Aqu3ra	self	Snow Mile	self-display-fallback
auto	mod:alocin Song Pack	FUN!!	FUN!!	DECO*27 / いよわ	self	FUN!!	self-display-fallback
auto	mod:alocin Song Pack	SToRY	SToRY	DECO*27 / kemu	self	SToRY	self-display-fallback
auto	mod:Kaito-Aiyumi SongPack3	Blue Star	Blue Star	八王子P	self	Blue Star	self-display-fallback
auto	mod:Kaito-Aiyumi SongPack3	Overwriter	Overwriter	tilt-6	self	Overwriter	self-display-fallback
auto	mod:Kaito-Aiyumi SongPack3	Singularity (Magical Mirai 2021)	Singularity (Magical Mirai 2021)	keisei	self	Singularity (Magical Mirai 2021)	self-display-fallback
auto	mod:Miracle Girls Festival Chart Pack	Jumping!!	Jumping!!	Meis Clauson	self	Jumping!!	self-display-fallback
auto	mod:Miracle Girls Festival Chart Pack	Your Voice	Your Voice	中塚 武	self	Your Voice	self-display-fallback
auto	mod:Miracle Girls Festival Chart Pack	Daydream café	Daydream café	大久保 薫	self	Daydream café	self-display-fallback
auto	mod:Miracle Girls Festival Chart Pack	Stand Up!!!!	Stand Up!!!!	井上 純一	self	Stand Up!!!!	self-display-fallback
auto	mod:Miracle Girls Festival Chart Pack	7 Girls War	7 Girls War	神前 暁 \/ 田中 秀和（MONACA	self	7 Girls War	self-display-fallback
auto	mod:Miracle Girls Festival Chart Pack	Innocent Blue	Innocent Blue	fu_mou	self	Innocent Blue	self-display-fallback
auto	mod:Miracle Girls Festival Chart Pack	Vivid Shining Sky	Vivid Shining Sky	神前 暁（MONACA）	self	Vivid Shining Sky	self-display-fallback
auto	mod:zombzach's song pack	FLOP ERA	FLOP ERA	エピーオン	self	FLOP ERA	self-display-fallback
auto	mod:zombzach's song pack	V	V	ゴゴ	self	V	self-display-fallback
auto	mod:zombzach's song pack	FOCUS	FOCUS	KIRA	self	FOCUS	self-display-fallback
auto	mod:Yoru Song Pack	Lindenbaum	Lindenbaum	zensen	self	Lindenbaum	self-display-fallback
auto	mod:Yoru Song Pack	Grievous Lady	Grievous Lady	Team Grimoire & Laur	self	Grievous Lady	self-display-fallback
auto	mod:Yoru Song Pack	Ré：Ré	Ré：Ré	Morimori Atsushi vs. uma	self	Ré：Ré	self-display-fallback
auto	mod:lavverso Song Pack	Intergalactic Bound	Intergalactic Bound	CircusP	self	Intergalactic Bound	self-display-fallback
auto	mod:lavverso Song Pack	We are POP☆CANDY!	We are POP☆CANDY!	runo	self	We are POP☆CANDY!	self-display-fallback
auto	mod:Rinissa's Song Pack	FAKE HEART	FAKE HEART	KIRA + Johnny R	self	FAKE HEART	self-display-fallback
auto	mod:Rinissa's Song Pack	LIFE	LIFE	monii, Johnny R	self	LIFE	self-display-fallback
auto	mod:Rinissa's Song Pack	TOXY!	TOXY!	煮ル果実	self	TOXY!	self-display-fallback
auto	mod:Rinissa's Song Pack	Colorful Array	Colorful Array	Andrew Holmes, Cosmoz Music	self	Colorful Array	self-display-fallback
auto	mod:Rinissa's Song Pack	MTMTM	MTMTM	TAK	self	MTMTM	self-display-fallback
auto	mod:lavverso Song Pack	Bad ∞ End ∞ Night	Bad ∞ End ∞ Night	ひとしずくP/やま△	self	Bad ∞ End ∞ Night	self-display-fallback
auto	mod:NiStory Song Pack	Confessions of a Rotten Girl	Confessions of a Rotten Girl	SAWTOWNE	self	Confessions of a Rotten Girl	self-display-fallback
auto	mod:NiStory Song Pack	.espect	.espect	Noname	self	.espect	self-display-fallback
auto	mod:NiStory Song Pack	LEMON MELON COOKIE	LEMON MELON COOKIE	Tak	self	LEMON MELON COOKIE	self-display-fallback
auto	mod:Nitori's Song Pack	Machine Love	Machine Love	Jamie Paige	self	Machine Love	self-display-fallback
auto	mod:Nitori's Song Pack	SHOCK	SHOCK	BEAST	self	SHOCK	self-display-fallback
auto	mod:Nitori's Song Pack	Miku's Instant Crush	Miku's Instant Crush	Daft Punk, Astrophysics	self	Miku's Instant Crush	self-display-fallback
auto	mod:Nitori's Song Pack	You're Telling Me A SHRIMP Fried This Rice?!	You're Telling Me A SHRIMP Fried This Rice?!	Jamie Paige	self	You're Telling Me A SHRIMP Fried This Rice?!	self-display-fallback
auto	mod:Nitori's Song Pack	Duele el Amor	Duele el Amor	ryusouta / Aleks Syntek	self	Duele el Amor	self-display-fallback
auto	mod:Nitori's Song Pack	Piece of Art	Piece of Art	KIRA	self	Piece of Art	self-display-fallback
auto	mod:Nitori's Song Pack	WILDFIRE!! (Extended Version)	WILDFIRE!! (Extended Version)	FATAL FORCE & CRUSHER-P	self	WILDFIRE!! (Extended Version)	self-display-fallback
auto	mod:Nitori's Song Pack	Save Your Tears For Miku	Save Your Tears For Miku	Astrophysics	self	Save Your Tears For Miku	self-display-fallback
auto	mod:Nitori's Song Pack	Big Brother (Crusher Remix)	Big Brother (Crusher Remix)	Crusher-P	self	Big Brother (Crusher Remix)	self-display-fallback
auto	mod:Nitori's Song Pack	Smooth Criminal	Smooth Criminal	Michael Jackson	self	Smooth Criminal	self-display-fallback
auto	mod:Nitori's Song Pack	Russian Girl feat. Kasane Teto	Russian Girl feat. Kasane Teto	Jenia Lubich	self	Russian Girl feat. Kasane Teto	self-display-fallback
auto	mod:Nitori's Song Pack	filament (TV size)	filament (TV size)	妖精帝國	self	filament (TV size)	self-display-fallback
auto	mod:Nitori's Song Pack	The End (feat. BABYMETAL)	The End (feat. BABYMETAL)	Lil Uzi Vert x BABYMETAL	self	The End (feat. BABYMETAL)	self-display-fallback
auto	mod:Nitori's Song Pack	Miku wants to Enjoy The Silence	Miku wants to Enjoy The Silence	Astrophysics	self	Miku wants to Enjoy The Silence	self-display-fallback
auto	mod:Nitori's Song Pack	Billie Jean	Billie Jean	Michael Jackson	self	Billie Jean	self-display-fallback
auto	mod:Nitori's Song Pack	01_ballade	01_ballade	平沢栄司	self	01_ballade	self-display-fallback
auto	mod:Nitori's Song Pack	Life Will Change	Life Will Change	ぬゆり	self	Life Will Change	self-display-fallback
auto	mod:Nitori's Song Pack	Cuz My Order	Cuz My Order	書店太郎	self	Cuz My Order	self-display-fallback
auto	mod:Nitori's Song Pack	Decade	Decade	Dixie Flatline	self	Decade	self-display-fallback
auto	mod:Nitori's Song Pack	MINIMUM RAGE	MINIMUM RAGE	MonochroMenace	self	MINIMUM RAGE	self-display-fallback
auto	mod:Nitori's Song Pack	Honestly	Honestly	THORNS	self	Honestly	self-display-fallback
auto	mod:Dystoria's Song Pack	Radio Electric Anniversary Edition	Radio Electric Anniversary Edition	angelbrained	self	Radio Electric Anniversary Edition	self-display-fallback
auto	mod:Dystoria's Song Pack	0.0000034	0.0000034	Musanuriyu	self	0.0000034	self-display-fallback
auto	mod:Dystoria's Song Pack	Magic	Magic	Ado	self	Magic	self-display-fallback
auto	mod:Dystoria's Song Pack	Bad Apple!! feat.SEKAI	Bad Apple!! feat.SEKAI	ZUN (Team Shanghai Alice)	self	Bad Apple!! feat.SEKAI	self-display-fallback
auto	mod:Dystoria's Song Pack	This song is AI generated	This song is AI generated	googifloop	self	This song is AI generated	self-display-fallback
auto	mod:Dystoria's Song Pack	Alright	Alright	Gaiden, Mezha	self	Alright	self-display-fallback
auto	mod:Dystoria's Song Pack	TWINKLE	TWINKLE	Mellowcle	self	TWINKLE	self-display-fallback
auto	mod:Dystoria's Song Pack	Cool Me Down	Cool Me Down	Mwk	self	Cool Me Down	self-display-fallback
auto	mod:Dystoria's Song Pack	Minimum Rage	Minimum Rage	MonochroMenace	self	Minimum Rage	self-display-fallback
auto	mod:Dystoria's Song Pack	PPPP	PPPP	TAK	self	PPPP	self-display-fallback
auto	mod:Dystoria's Song Pack	MOTTO!!!	MOTTO!!!	Junky	self	MOTTO!!!	self-display-fallback
auto	mod:Dystoria's Song Pack	Myosotis	Myosotis	M2U	self	Myosotis	self-display-fallback
auto	mod:Dystoria's Song Pack	Marigold	Marigold	M2U	self	Marigold	self-display-fallback
auto	mod:Dystoria's Song Pack	D/N/A	D/N/A	Azari	self	D/N/A	self-display-fallback
auto	mod:Dystoria's Song Pack	IRIS OUT	IRIS OUT	米津 玄師	self	IRIS OUT	self-display-fallback
auto	mod:Dystoria's Song Pack	B.B.K.K.B.K.K.	B.B.K.K.B.K.K.	Nora2r	self	B.B.K.K.B.K.K.	self-display-fallback
auto	mod:Dystoria's Song Pack	Love For You	Love For You	暁Records	self	Love For You	self-display-fallback
auto	mod:Dystoria's Song Pack	MAO-u	MAO-u	Baby Castella	self	MAO-u	self-display-fallback
auto	mod:Dystoria's Song Pack	unlive	unlive	書店太郎	self	unlive	self-display-fallback
auto	mod:Dystoria's Song Pack	Someday'z Coming	Someday'z Coming	書店太郎	self	Someday'z Coming	self-display-fallback
auto	mod:Dystoria's Song Pack	Lonesome	Lonesome	Okame-P	self	Lonesome	self-display-fallback
auto	mod:Dystoria's Song Pack	DIVA X	DIVA X	Miyamori Bungaku	self	DIVA X	self-display-fallback
auto	mod:Dystoria's Song Pack	Static	Static	FLAVOR FOLEY	self	Static	self-display-fallback
auto	mod:Dystoria's Song Pack	V.S	V.S	大漠波新	self	V.S	self-display-fallback
auto	mod:Dystoria's Song Pack	Ten Thousand Stars	Ten Thousand Stars	CircusP	self	Ten Thousand Stars	self-display-fallback
auto	mod:Dystoria's Song Pack	I got no time	I got no time	The Living Tombstone	self	I got no time	self-display-fallback
auto	mod:Dystoria's Song Pack	Paranoia	Paranoia	MezameP	self	Paranoia	self-display-fallback
auto	mod:Dystoria's Song Pack	WILDCARD	WILDCARD	ゆうすけきら	self	WILDCARD	self-display-fallback
auto	mod:Dystoria's Song Pack	NEMO NEMO	NEMO NEMO	ちぇ よな	self	NEMO NEMO	self-display-fallback
auto	mod:Dystoria's Song Pack	gift nor art	gift nor art	鼻そうめんP	self	gift nor art	self-display-fallback
auto	mod:Dystoria's Song Pack	New me	New me	YOASOBI	self	New me	self-display-fallback
auto	mod:IA-VT Colorful Song Pack	TSUBASA New Days	TSUBASA New Days	A-bee	self	TSUBASA New Days	self-display-fallback
auto	mod:Retro Charts	[PD1] Far Away	[PD1] Far Away	kz	self	[PD1] Far Away	self-display-fallback
auto	mod:Retro Charts	[PD1] Star Story	[PD1] Star Story	kz	self	[PD1] Star Story	self-display-fallback
auto	mod:Retro Charts	[PD1] Last Night, Good Night	[PD1] Last Night, Good Night	kz	self	[PD1] Last Night, Good Night	self-display-fallback
auto	mod:Retro Charts	[PD1/PD2] Packaged	[PD1/PD2] Packaged	kz	self	[PD1/PD2] Packaged	self-display-fallback
auto	mod:Retro Charts	[PD1/PD2] moon	[PD1/PD2] moon	iroha(sasaki)	self	[PD1/PD2] moon	self-display-fallback
auto	mod:Retro Charts	[PD1/PD2] The secret garden	[PD1/PD2] The secret garden	神前 暁	self	[PD1/PD2] The secret garden	self-display-fallback
auto	mod:Retro Charts	[PD1/PD2] Dear cocoa girls	[PD1/PD2] Dear cocoa girls	神前 暁	self	[PD1/PD2] Dear cocoa girls	self-display-fallback
auto	mod:Retro Charts	[PD1] Ievan Polkka	[PD1] Ievan Polkka	フィンランド民謡	self	[PD1] Ievan Polkka	self-display-fallback
auto	mod:Retro Charts	[PDe] Yellow	[PDe] Yellow	kz	self	[PDe] Yellow	self-display-fallback
auto	mod:Retro Charts	[PD2] Dear	[PD2] Dear	19-iku-	self	[PD2] Dear	self-display-fallback
auto	mod:Retro Charts	[PD2] from Y to Y	[PD2] from Y to Y	ジミーサムP	self	[PD2] from Y to Y	self-display-fallback
auto	mod:Retro Charts	[PD2] VOiCE -DIVA　MIX-	[PD2] VOiCE -DIVA　MIX-	ラヴリーP	self	[PD2] VOiCE -DIVA　MIX-	self-display-fallback
auto	mod:Retro Charts	[PD2] Promise	[PD2] Promise	samfree	self	[PD2] Promise	self-display-fallback
auto	mod:Retro Charts	[PD2] Innocence	[PD2] Innocence	KazuP	self	[PD2] Innocence	self-display-fallback
auto	mod:Retro Charts	[PDe] Just Be Friends	[PDe] Just Be Friends	Dixie Flatline	self	[PDe] Just Be Friends	self-display-fallback
auto	mod:Retro Charts	[PDe] SPiCa -39's Giving Day Edition-	[PDe] SPiCa -39's Giving Day Edition-	とく	self	[PDe] SPiCa -39's Giving Day Edition-	self-display-fallback
auto	mod:Retro Charts	[PDe] Palette	[PDe] Palette	ゆよゆっぺ/meola	self	[PDe] Palette	self-display-fallback
auto	mod:Retro Charts	[PDe] Starduster	[PDe] Starduster	ジミーサムP	self	[PDe] Starduster	self-display-fallback
auto	mod:Retro Charts	[PDe] StargazeR	[PDe] StargazeR	骨盤P	self	[PDe] StargazeR	self-display-fallback
auto	mod:Retro Charts	[PDe] melody...	[PDe] melody...	mikuru396	self	[PDe] melody...	self-display-fallback
auto	mod:Dystoria's Song Pack	Ex-Otogibanashi	Ex-Otogibanashi	ryo (supercell)	self	Ex-Otogibanashi	self-display-fallback
auto	mod:Dystoria's Song Pack	AiAiA	AiAiA	Ado/Kikuo	self	AiAiA	self-display-fallback
auto	mod:Dystoria's Song Pack	The Big Black	The Big Black	The Quick Brown Fox	self	The Big Black	self-display-fallback
auto	mod:Dystoria's Song Pack	PaperMoon	PaperMoon	Tommy heavenly6	self	PaperMoon	self-display-fallback
auto	mod:Dystoria's Song Pack	Labyrinthine Labyrinth	Labyrinthine Labyrinth	HoloX	self	Labyrinthine Labyrinth	self-display-fallback
auto	mod:Dystoria's Song Pack	Gorgon	Gorgon	Utsu-P	self	Gorgon	self-display-fallback
auto	mod:Project Hoshikuzu - Song Pack	泡沫未来	The Bubble Future	ネギシャワーP	泡沫未来	泡沫未来	pjsk-tc-master
auto	mod:Project Hoshikuzu - Song Pack	「１」	1	164	「１」	「1」	pjsk-tc-master
auto	mod:Project Hoshikuzu - Song Pack	花を唄う	Singing of Flowers	シノ	花を唄う	咏花之歌	pjsk-tc-master
auto	mod:Project Hoshikuzu - Song Pack	幽霊東京	Ghost City Tokyo	Ayase	幽霊東京	幽灵东京	pjsk-tc-master
auto	mod:Project Hoshikuzu - Song Pack	アイノマテリアル	Ai no Material	Junky	アイノマテリアル	爱的素材	pjsk-tc-master
auto	mod:Project Hoshikuzu - Song Pack	カナデトモスソラ	Kanade Tomosu Sora	ササノマリイ	カナデトモスソラ	奏明天空	pjsk-tc-master
auto	mod:Project Hoshikuzu - Song Pack	神っぽいな	God-ish	ピノキオピー	神っぽいな	像神一样呐	pjsk-tc-master
auto	mod:Project Hoshikuzu - Song Pack	少女レイ	Shoujorei	みきとP	少女レイ	少女Rei	pjsk-tc-master
auto	mod:Project Hoshikuzu - Song Pack	ÅMARA(大未来電脳)	ÅMARA (The Great Intelligence)	sasakure.UK	ÅMARA(大未来電脳)	ÅMARA(大未来电脑)	pjsk-tc-master
auto	mod:Cabra's Song Pack	ビターチョコデコレーション	Bitter Choco Decoration	syudou	ビターチョコデコレーション	苦巧克力装饰	pjsk-tc-master
auto	mod:X Song Pack	ロストワンの号哭	The Lost One's Weeping	Neru	ロストワンの号哭	Lost One的号哭	pjsk-tc-master
auto	mod:X Song Pack	ウミユリ海底譚	Tale of the Deep-sea Lily	n-buna	ウミユリ海底譚	海百合海底谭	pjsk-tc-master
auto	mod:X Song Pack	恋愛裁判	Love Trial	40mP	恋愛裁判	恋爱裁判	pjsk-tc-master
auto	mod:X Song Pack	ツギハギスタッカート	Patchwork Stacatto	とあ	ツギハギスタッカート	拼凑的断音	pjsk-tc-master
auto	mod:X Song Pack	独りんぼエンヴィー	Solitary Envy	koyori	独りんぼエンヴィー	孑然妒火	pjsk-tc-master
auto	mod:X Song Pack	脳内革命ガール	Brain Revolution Girl	MARETU	脳内革命ガール	脑内革命女孩	pjsk-tc-master
auto	mod:lavverso Song Pack	酔いどれ知らず	Yoidore Shirazu	Kanaria	酔いどれ知らず	不知醉	pjsk-tc-master
auto	mod:lavverso Song Pack	デビルじゃないもん	(Not) A Devil	DECO*27, ピノキオピー	デビルじゃないもん	才不是恶魔呢	pjsk-tc-master
auto	mod:Project Hoshikuzu - Song Pack	乙女解剖	Otome Dissection	DECO*27	乙女解剖	少女解剖	pjsk-tc-master
auto	mod:Project Hoshikuzu - Song Pack	威風堂々	Pomp and Circumstance - Ifuudoudou	梅とら	威風堂々	威风堂堂	pjsk-tc-master
auto	mod:EdenMasochistPack	ヤミナベ!!!!	Yaminabe!!!!	cosMo＠暴走P	ヤミナベ!!!!	黑暗火锅!!!!	pjsk-tc-master
auto	mod:PolterVocaloidSongPack1.1.1	キュートなカノジョ	Cute Na Kanojo	手動	キュートなカノジョ	可爱的女朋友	pjsk-tc-master
auto	mod:zombzach's song pack	私は雨	I'm the Rain	稲葉曇	私は雨	我是雨	pjsk-tc-master
auto	mod:zombzach's song pack	1000年生きてる	Living Millennium	いよわ	1000年生きてる	存活千年	pjsk-tc-master
auto	mod:zombzach's song pack	成敗いたAAAAAす！	Seibai ItaAAAAAsu!	Wonderful☆Opportunity	成敗いたAAAAAす！	降下诛罚AAAAA！	pjsk-tc-master
auto	mod:zombzach's song pack	ひつじがいっぴき	One Sheep	Peg	ひつじがいっぴき	孤羊一匹	pjsk-tc-master
auto	mod:zombzach's song pack	ダイジョブですか？	Daijoubu desu ka?	cosMo@bousouP	ダイジョブですか？	你没事吧？	pjsk-tc-master
auto	mod:zombzach's song pack	ハオ	HAO	DECO*27	ハオ	好	pjsk-tc-master
auto	mod:Doatz Song Pack	星を繋ぐ	Connecting the Stars	40mP	星を繋ぐ	连接繁星	pjsk-tc-master
auto	mod:Doatz Song Pack	愛して愛して愛して	Aishite Aishite Aishite	きくお	愛して愛して愛して	爱我吧爱我吧爱我吧	pjsk-tc-master
auto	mod:Doatz Song Pack	君色マリンスノウ	Colorful Marine Snow	Carlos Hakamada	君色マリンスノウ	你的颜色Marine Snow	pjsk-tc-master
auto	mod:Doatz Song Pack	好き！雪！本気マジック	Love! Snow! Really Magic	Mitchie M	好き！雪！本気マジック	喜欢！雪！真实的魔法	pjsk-tc-master
auto	mod:Doatz Song Pack	難聴系男子が倒せない	I Can't Win Against Dense Guys!	ラマーズP	難聴系男子が倒せない	听觉障碍系男子不会被击倒	pjsk-tc-master
auto	mod:zombzach's song pack	そこに在る、光。	Soko ni Aru, Hikari	DECO*27	そこに在る、光。	存在于那里的光。	pjsk-tc-master
auto	mod:zombzach's song pack	虚無さん	Nihil-san	¿?shimon	虚無さん	虚无人士	pjsk-tc-master
auto	mod:Nitori's Song Pack	腐れ外道とチョコレゐト	Rotten Heresy and Chocolate	ピノキオピー	腐れ外道とチョコレゐト	该死的异端及巧克力	pjsk-tc-master
auto	mod:Onneb's Song Pack	気まぐれメルシィ (セカイVer.)	Kimagure Mercy (Sekai Ver.)	八王子P	気まぐれメルシィ	随心所欲Mercy	pjsk-tc-master-normalized
auto	mod:Onneb's Song Pack	ノンブレス・オブリージュ (セカイVer.)	Non-Breath Oblige (Sekai Ver.)	ピノキオピー	ノンブレス・オブリージュ	窒息的义务	pjsk-tc-master-normalized
auto	mod:Onneb's Song Pack	抜錨 (セカイVer.)	Batsubyou (Sekai Ver.)	ナナホシ管弦楽団	抜錨	拔锚	pjsk-tc-master-normalized
auto	mod:Onneb's Song Pack	神のまにまに (セカイVer.)	At God's Mercy (Sekai Ver.)	れるりり	神のまにまに	神的随波逐流	pjsk-tc-master-normalized
auto	mod:alocin Song Pack	くうになる	Kuu ni Naru	MIMI	くうになる	放空	pjsk-tc-master
auto	mod:alocin Song Pack	メタモリボン	Metamo Re:born	emon(Tes.)	メタモリボン	变身重生	pjsk-tc-master
auto	mod:lavverso Song Pack	気まぐれメルシィ	Kimagure Mercy	八王子P	気まぐれメルシィ	随心所欲Mercy	pjsk-tc-master
auto	mod:Rinissa's Song Pack	ヴァンパイア	The Vampire	DECO*27	ヴァンパイア	吸血鬼	pjsk-tc-master
auto	mod:Dystoria's Song Pack	抜錨	Weigh anchor	Nanahoshi Kangengakudan	抜錨	拔锚	pjsk-tc-master
auto	mod:Dystoria's Song Pack	悪徳のジャッジメント	Judgment of Corruption	Akuno-P	悪徳のジャッジメント	恶德的法官	pjsk-tc-master
auto	mod:Dystoria's Song Pack	ロミオとシンデレラ	Romeo & Cinderella	doriko	ロミオとシンデレラ	罗密欧与仙杜瑞拉	pjsk-tc-master
auto	mod:Dystoria's Song Pack	化けの花	Bake no Hana	Nakiso	化けの花	诡化之花	pjsk-tc-master
auto	mod:Dystoria's Song Pack	ド屑	Dokusu	Nakiso	ド屑	大人渣	pjsk-tc-master
auto	mod:Dystoria's Song Pack	我儘姫	Selfish Princess	ふじを	我儘姫	任性公主	pjsk-tc-master
auto	mod:IA-VT Colorful Song Pack	如月アテンション	Kisaragi Attention	Jin	如月アテンション	如月attention	pjsk-tc-master
auto	mod:Onneb's Song Pack	燦々デイズ	Sansan Days	スピラ・スピカ	燦々デイズ	闪闪发光的日子！	netease-transname
auto	mod:Restore Cut Songs	saturation	Saturation	fatP	saturation	饱和	netease-transname
auto	mod:Project Hoshikuzu - Song Pack	シネマ	Cinema	Ayase	シネマ	电影	netease-transname
auto	mod:Project Hoshikuzu - Song Pack	トンデモワンダーズ	TONDEMO-WONDERZ	sasakure.UK	トンデモワンダーズ	不可思议的wonders	netease-transname
auto	mod:Project Hoshikuzu - Song Pack	トラフィック・ジャム	Traffic Jam	煮ル果実	トラフィック・ジャム	交通堵塞	netease-transname
auto	mod:Project Hoshikuzu - Song Pack	チルドレンレコード	Children Record	じん	チルドレンレコード	孩童记录	netease-transname
auto	mod:Project Hoshikuzu - Song Pack	テレキャスタービーボーイ	Telecaster B-Boy	すりぃ	テレキャスタービーボーイ	电吉他摇滚男孩	netease-transname
auto	mod:Project Hoshikuzu - Song Pack	ロウワー	Lower	ぬゆり	ロウワー	堕落眼界	netease-transname
auto	mod:Project Hoshikuzu - Song Pack	アイデンティティ	Identity	Kanaria	アイデンティティ	身份	netease-transname
auto	mod:X Song Pack	ストリーミングハート	Streaming Heart	DECO*27	ストリーミングハート	流心	netease-transname
auto	mod:X Song Pack	バビロン	Babylon	トーマ	バビロン	巴比伦	netease-transname
auto	mod:X Song Pack	すろぉもぉしょん	Slow Motion	ピノキオピー	すろぉもぉしょん	慢动作	netease-transname
auto	mod:X Song Pack	愛の詩	Love Song	ラマーズP	愛の詩	爱之诗	netease-transname
auto	mod:lavverso Song Pack	転生林檎	Reincarnation Apple	ピノキオピー	転生林檎	转生苹果	netease-transname
auto	mod:lavverso Song Pack	ラヴィ	Lavie	すりぃ	ラヴィ	拉薇	netease-transname
auto	mod:lavverso Song Pack	ヒガン	Higan	john	ヒガン	彼岸	netease-transname
auto	mod:lavverso Song Pack	耳のあるロボットの唄	Song of the Eared Robot	耳ロボP	耳のあるロボットの唄	有耳朵的机器人的歌	netease-transname
auto	mod:EdenMasochistPack	好き好き好き好き好き好き好き好き好き	sukisukisukisukisukisukisukisukisukisuki	ピノキオピー	好き好き好き好き好き好き好き好き好き	喜欢喜欢喜欢喜欢喜欢喜欢喜欢喜欢喜欢	netease-transname
auto	mod:PolterVocaloidSongPack1.1.1	モニタリング	Monitoring	デコ・ニーナ	モニタリング	视奸	netease-transname
auto	mod:PolterVocaloidSongPack1.1.1	物をぱらぱら壊す	Breaking Things Into Pieces	きくお	物をぱらぱら壊す	将事物毁坏殆尽	netease-transname
auto	mod:PolterVocaloidSongPack1.1.1	マネマネサイコトロピック	Fake Fake Psychotropic	かいりきベア	マネマネサイコトロピック	模仿模仿Psychotropic	netease-transname
auto	mod:Cabra's Song Pack	カラカラカラのカラ	Kara Kara Kara no Kara	Kikuo	カラカラカラのカラ	空空空空如也的空虚	netease-transname
auto	mod:Cabra's Song Pack	ロードローラー・スタンピード	RoadRoLLeR Stampede	アンメルツP	ロードローラー・スタンピード	压路机·踩踏	netease-transname
auto	mod:Cabra's Song Pack	ラストダンス	Last Dance	Eve	ラストダンス	最后的舞蹈	netease-transname
auto	mod:Cabra's Song Pack	ハレハレヤ	Harehare Ya	羽生まゐご	ハレハレヤ	朗朗晴天	netease-transname
auto	mod:Cabra's Song Pack	アリババ	Ali Baba	柊キライ	アリババ	阿里巴巴	netease-transname
auto	mod:Cabra's Song Pack	ヴェノマニア公の狂気	The Lunacy of Duke Venomania	mothy	ヴェノマニア公の狂気	维诺玛尼亚公爵的疯狂	netease-transname
auto	mod:zombzach's song pack	妄想感傷代償連盟 - HIMEHINA & AZKi cover	Delusional Sentimental Compensation Federation - HIMEHINA & AZKi cover	DECO*27	妄想感傷代償連盟	妄想感伤代偿联盟	netease-transname
auto	mod:zombzach's song pack	絶対敵対メチャキライヤー	Unfriendly Hater	メドミア	絶対敵対メチャキライヤー	绝对敌对超级讨厌	netease-transname
auto	mod:zombzach's song pack	うぉんちゅーばっど	Want You Bad	jon-YAKITORY	うぉんちゅーばっど	眠思梦想	netease-transname
auto	mod:zombzach's song pack	オセロ	Othello	眞塩楓	オセロ	黑白棋	netease-transname
auto	mod:zombzach's song pack	エンパープル	Empurple	はるまきごはん	エンパープル	浸染成紫	netease-transname
auto	mod:Doatz Song Pack	アンビバレンツ	Ambivalent		アンビバレンツ	矛盾情感	netease-transname
auto	mod:Doatz Song Pack	いいや	118	DECO*27	いいや	随便啦	netease-transname
auto	mod:Doatz Song Pack	映えない	Not Photogenic	鬱P	映えない	不太上镜	netease-transname
auto	mod:Doatz Song Pack	ホワイトハッピー	White Happy	MARETU	ホワイトハッピー	白色幸福	netease-transname
auto	mod:Doatz Song Pack	チョコレイト日和	A Perfect Day for Chocolate	Polymorhpic Branch	チョコレイト日和	巧克力日和	netease-transname
auto	mod:Doatz Song Pack	サイコグラム	Psychogram	DECO*27	サイコグラム	心理图析	netease-transname
auto	mod:Doatz Song Pack	ずれていく	Out of Step	wowaka	ずれていく	逐渐偏移	netease-transname
auto	mod:Doatz Song Pack	グランブル	Grumble	NIL	グランブル	碧蓝幻想	netease-transname
auto	mod:Doatz Song Pack	ヒトリユラリ	Hitori Yurari	Kanaria	ヒトリユラリ	独自摇曳	netease-transname
auto	mod:Doatz Song Pack	うみたがり	Umigatari	MARETU	うみたがり	渴望诞生	netease-transname
auto	mod:Doatz Song Pack	ハッピーホロウと神様倶楽部	Happy Hollow to Kamisama Club	ほえほえP	ハッピーホロウと神様倶楽部	快乐空洞与神様俱乐部	netease-transname
auto	mod:Doatz Song Pack	ボルテッカー	Volt Tackle	DECO*27	ボルテッカー	伏特攻击	netease-transname
auto	mod:Doatz Song Pack	見つかんない見つかんない	Missing, Missing	きくお	見つかんない見つかんない	找不到找不到	netease-transname
auto	mod:Doatz Song Pack	四角い地球を丸くする	Round off the Square Earth	TOKOTOKO	四角い地球を丸くする	把方方的地球变圆	netease-transname
auto	mod:Doatz Song Pack	うみなおし	Uminaoshi	MARETEU	うみなおし	重新分娩	netease-transname
auto	mod:Doatz Song Pack	バイメーバイメー	Baimei Baimei	マイキP	バイメーバイメー	沽名钓誉	netease-transname
auto	mod:Doatz Song Pack	夕暮れの真相	The Truth of the Evening	白神真志朗	夕暮れの真相	黄昏的真相	netease-transname
auto	mod:Doatz Song Pack	わたし依存症	Watashi Izonsyou	AZ-アズ-	わたし依存症	我依赖症	netease-transname
auto	mod:Doatz Song Pack	リズの内心革命	Revolution of Liz's Innermost Heart	じっぷす	リズの内心革命	莉兹的内心革命	netease-transname
auto	mod:zombzach's song pack	ラヴリーアサシン	Lovely Assassin	香椎モイミ	ラヴリーアサシン	可爱的刺客	netease-transname
auto	mod:zombzach's song pack	撫でんな	Pet Me	柊マグネタイト	撫でんな	别摸我	netease-transname
auto	mod:zombzach's song pack	ダイダイダイダイダイキライ	I Hate-Hate-Hate-Hate-Hate it!	雨良	ダイダイダイダイダイキライ	超级超级超级讨厌	netease-transname
auto	mod:zombzach's song pack	フュージョン	Fusion	DECO*27	フュージョン	聚变	netease-transname
auto	mod:zombzach's song pack	キスキツネ	Kiss Kitsune	南田健吾	キスキツネ	亲亲小狐狸	netease-transname
auto	mod:Nitori's Song Pack	物をぱらぱら壊す	Breaking Things Into Pieces	Kikuo	物をぱらぱら壊す	将事物毁坏殆尽	netease-transname
auto	mod:Nitori's Song Pack	病名は愛だった	The Disease Called Love	Neru & z'5	病名は愛だった	病名为爱	netease-transname
auto	mod:Nitori's Song Pack	Я сошла с ума	Я сошла с ума	t.A.T.u	Я сошла с ума	我已意乱神迷	netease-transname
auto	mod:Nitori's Song Pack	宵々古今	YoiYoi Kokon	Reol	宵々古今	宵宵古今	netease-transname
auto	mod:Nitori's Song Pack	僕らのつづき	Bokura no Tsuzuki	じょん	僕らのつづき	我们的以后	netease-transname
auto	mod:Nitori's Song Pack	ホドモエシティ	Driftveil City	佐藤仁美	ホドモエシティ	帆巴市	netease-transname
auto	mod:Nitori's Song Pack	オトナブルー	OTONABLUE	新しい学校のリーダーズ	オトナブルー	成熟蓝	netease-transname
auto	mod:Nitori's Song Pack	ハイファイレイヴァー	Hi-Fi Raver	EasyPop	ハイファイレイヴァー	hi - fi狂欢派对	netease-transname
auto	mod:Nitori's Song Pack	超最終鬼畜妹フランドール・S	Chou Saishuu kichiku imouto Flandre-S	beatMARIO, Maron	超最終鬼畜妹フランドール・S	超最终鬼畜妹芙兰朵露・S	netease-transname
auto	mod:Nitori's Song Pack	↑人生ゲーム↓	↑Jinsei Game↓	ゆずひこ	↑人生ゲーム↓	↑人生游戏↓	netease-transname
auto	mod:Nitori's Song Pack	ヤババイナ	YABABAINA	さたぱんP	ヤババイナ	糟糕呀	netease-transname
auto	mod:Onneb's Song Pack	きゅびびびびずむ	Cubibibibism	原口沙輔	きゅびびびびずむ	立体体体体主义	netease-transname
auto	mod:Onneb's Song Pack	やんなっちゃう！	Feel Empty!	ミ瑞	やんなっちゃう！	感到空虚	netease-transname
auto	mod:Onneb's Song Pack	スヂ	Suji	MARETU	スヂ	筋	netease-transname
auto	mod:Onneb's Song Pack	ひみつ気分	Himitsu Kibun	なきそ	ひみつ気分	秘密心情	netease-transname
auto	mod:Onneb's Song Pack	テトリス	Tetoris	柊マグネタイト	テトリス	俄罗斯方块	netease-transname
auto	mod:Onneb's Song Pack	熱異常 (セカイVer.)	Heat abnormal (Sekai Ver.)	いよわ	熱異常	热异常	netease-transname
auto	mod:Onneb's Song Pack	テルミーアンサー	TELL ME ANSWER	キノシタ	テルミーアンサー	告诉我答案	netease-transname
auto	mod:Onneb's Song Pack	オーバーライド	Override	吉田夜世	オーバーライド	覆写	netease-transname
auto	mod:alocin Song Pack	だれだおまえ	Dare da Omae	ラマーズP	だれだおまえ	你谁啊	netease-transname
auto	mod:alocin Song Pack	ひゅーどろ	Hyuudoro	タケノコ少年	ひゅーどろ	泥浆	netease-transname
auto	mod:alocin Song Pack	はしる! とおく! とどく!	Hashiru! Tooku! Todoku!	薄塩指数	はしる! とおく! とどく!	奔跑！远方！抵达！	netease-transname
auto	mod:Kaito-Aiyumi SongPack3	ピエロ	Pierrot	KEI	ピエロ	小丑	netease-transname
auto	mod:Kaito-Aiyumi SongPack3	どうぶつ占い	Animal Divination	Scop	どうぶつ占い	动物占卜	netease-transname
auto	mod:Miracle Girls Festival Chart Pack	てさぐり部部歌	Tesaguri-Bu Bugou	井上 純一	てさぐり部部歌	《摸索部部歌》	netease-transname
auto	mod:zombzach's song pack	うわがき	Write Over Me	いよわ	うわがき	覆盖	netease-transname
auto	mod:Yoru Song Pack	ぜんぶけしちゃえ！	Erase everything!	えくしい	ぜんぶけしちゃえ！	抹去一切！	netease-transname
auto	mod:lavverso Song Pack	キャンディアディクトフルコォス	Candy Addict Full Course	マチゲリータP	キャンディアディクトフルコォス	糖果成瘾全貌	netease-transname
auto	mod:lavverso Song Pack	ダンシング☆サムライ	Dancing☆Samurai	かにみそP	ダンシング☆サムライ	跳舞☆武士	netease-transname
auto	mod:Rinissa's Song Pack	パラサイト	Parasite	DECO*27	パラサイト	寄生虫	netease-transname
auto	mod:Rinissa's Song Pack	ふわり	Fuwari	MIMI	ふわり	轻飘飘	netease-transname
auto	mod:Rinissa's Song Pack	なにやってもうまくいかない	Nothing's Working Out	meiyo	なにやってもうまくいかない	什么都做不好	netease-transname
auto	mod:Rinissa's Song Pack	チェリーポップ	Cherry Pop	DECO*27	チェリーポップ	樱桃汽水	netease-transname
auto	mod:NiStory Song Pack	トキヲ・ファンカ	TOKIO FUNKA	takamatt	トキヲ・ファンカ	东京不夜城	netease-transname
auto	mod:Nitori's Song Pack	メモリア	Memoria	Aira	メモリア	记忆	netease-transname
auto	mod:Nitori's Song Pack	最後のワンダーランド	Saigo no Wonderland	丸井幸清	最後のワンダーランド	最后仙境	netease-transname
auto	mod:Nitori's Song Pack	デバッグドラッグ	Debug Drug	氷東	デバッグドラッグ	除错灵丹	netease-transname
auto	mod:Dystoria's Song Pack	アンダードッグ	UNDERDOG	Somari	アンダードッグ	败犬	netease-transname
auto	mod:Dystoria's Song Pack	物をぱらぱら壊す	Breaking things into pieces	Kikuo	物をぱらぱら壊す	将事物毁坏殆尽	netease-transname
auto	mod:Dystoria's Song Pack	幽霊船戦	Dead Ma'am's Chest	宝鐘マリン	幽霊船戦	幽灵船战	netease-transname
auto	mod:Dystoria's Song Pack	キャットラビング	Cat Loving	Kashii Moimi	キャットラビング	猫耳摩擦	netease-transname
auto	mod:Dystoria's Song Pack	バグ	Bug	Kairiki Bear	バグ	故障	netease-transname
auto	mod:Dystoria's Song Pack	マシュマロ	Marshmallow	DECO*27	マシュマロ	棉花糖	netease-transname
auto	mod:Dystoria's Song Pack	眠るサーカス	Nemuru Circus	Riza	眠るサーカス	《沉睡的马戏团》	netease-transname
auto	mod:Dystoria's Song Pack	透明なパレット	Transparent Palette	aqu3ra	透明なパレット	透明调色板	netease-transname
auto	mod:Dystoria's Song Pack	ゼロトーキング	Zero Talking	春巻御飯	ゼロトーキング	零交谈	netease-transname
auto	mod:Dystoria's Song Pack	てるみい	Tell Me	Ishifuro	てるみい	照美	netease-transname
auto	mod:Dystoria's Song Pack	グリーディン	Greeding	柊キライ	グリーディン	格里丁	netease-transname
auto	mod:Dystoria's Song Pack	チェリーポップ	Cherry Pop	DECO*27	チェリーポップ	樱桃汽水	netease-transname
auto	mod:Dystoria's Song Pack	ワンダーランド地下	Underground of Wonderland	Kashii Moimi	ワンダーランド地下	地下仙境	netease-transname
auto	mod:Dystoria's Song Pack	桜日和とタイムマシン	Sakura Biyori and Time Machine	Mafumafu	桜日和とタイムマシン	樱日和与时间机器	netease-transname
auto	mod:Dystoria's Song Pack	ネロ	Nero	Hiiragi Kirai	ネロ	Nero (TV动画《亡骸游戏》片头曲)	netease-transname
auto	mod:Dystoria's Song Pack	オールセーブチャレンジ	All-Save Challenge	香椎モイミ	オールセーブチャレンジ	全部拯救挑战	netease-transname
auto	mod:Dystoria's Song Pack	テレパシ	Telepathy	DECO*27	テレパシ	心灵感应	netease-transname
auto	mod:Dystoria's Song Pack	スノウドライヴ	Snow Drive	Omoi	スノウドライヴ	雪之驾	netease-transname
auto	mod:Dystoria's Song Pack	ぽっかんカラー	Pokkan Color	Kikuo	ぽっかんカラー	Pokkan之色彩	netease-transname
auto	mod:Dystoria's Song Pack	ジェヘナ	Gehenna	wotaku	ジェヘナ	地狱	netease-transname
auto	mod:Dystoria's Song Pack	ストロボラスト	Strobe Last	椎名もた	ストロボラスト	一闪而过	netease-transname
auto	mod:Dystoria's Song Pack	オペ	Op	蜂屋ななし	オペ	手术	netease-transname
auto	mod:Dystoria's Song Pack	罪と罰	Crime and Punishment	DECO*27	罪と罰	罪与罚	netease-transname
auto	mod:Dystoria's Song Pack	ネオネオン	Neo-Neon	DECO*27	ネオネオン	霓虹灯	netease-transname
auto	mod:Dystoria's Song Pack	混沌ブギ	Konton Boogie	jon-YAKITORY	混沌ブギ	混沌布吉	netease-transname
auto	mod:Dystoria's Song Pack	モザイクロール (Reloaded)	Mozaik Role (Reloaded)	DECO*27	モザイクロール (Reloaded)	马赛克卷(重制版)	netease-transname
auto	mod:Dystoria's Song Pack	愛×愛ホイッスル	LOVE×LOVE Whistle	ぽりふぉ	愛×愛ホイッスル	爱×爱口哨	netease-transname
auto	mod:Dystoria's Song Pack	ネバーランド	Neverland	DECO*27	ネバーランド	梦幻岛	netease-transname
auto	mod:Dystoria's Song Pack	パラサイト	Parasite	DECO*27	パラサイト	寄生虫	netease-transname
auto	mod:Dystoria's Song Pack	ポジティブ・パレード	Positive Parade	DECO*27	ポジティブ・パレード	正面游行	netease-transname
auto	mod:Dystoria's Song Pack	デーモンロード	Demon Lord	Kanaria	デーモンロード	恶魔领主	netease-transname
auto	mod:Dystoria's Song Pack	シンデレラ	CINDERELLA	DECO27	シンデレラ	灰姑娘	netease-transname
auto	mod:Dystoria's Song Pack	宇宙散歩	Cosmic Rendezvous	DECO*27	宇宙散歩	太空漫步	netease-transname
auto	mod:Dystoria's Song Pack	ソレイユ	Soleil	Toraboruta	ソレイユ	太阳	netease-transname
auto	mod:IA-VT Colorful Song Pack	流れ星	Shooting Star	KURIS y YUICHI NAKASE	流れ星	流星	netease-transname
auto	mod:IA-VT Colorful Song Pack	アヤノの幸福理論	Ayano no Koufuku Riron	Jin	アヤノの幸福理論	アヤノ的幸福理论	netease-transname
auto	mod:IA-VT Colorful Song Pack	日本橋高架下R計画	Nihonbashi Koukashita R Keikaku	Jin	日本橋高架下R計画	日本桥高架下R计划	netease-transname
auto	mod:IA-VT Colorful Song Pack	サマータイムレコード	Summertime Record	Jin	サマータイムレコード	夏令时记录	netease-transname
auto	mod:IA-VT Colorful Song Pack	泣き虫ピエロ	Nakimushi Pierrot	PolyphonicBranch	泣き虫ピエロ	爱哭鬼小丑	netease-transname
auto	mod:IA-VT Colorful Song Pack	22世紀からのハロー	22 Seiki kara no Hello	RiderP	22世紀からのハロー	来自22世纪的哈喽	netease-transname
auto	mod:IA-VT Colorful Song Pack	星空のライオン	Hoshizora no Lion	emon	星空のライオン	星空下的狮子	netease-transname
auto	mod:IA-VT Colorful Song Pack	僕らに喜劇を見せてくれ	Bokura ni Kigeki o Misete Kure	Jin & Ishifuro	僕らに喜劇を見せてくれ	让我们看看这喜剧吧	netease-transname
auto	mod:IA-VT Colorful Song Pack	アスノヒカリ	Asu no Hikari	Nhato	アスノヒカリ	明日之光	netease-transname
auto	mod:IA-VT Colorful Song Pack	夕景イエスタデイ	Yuukei Yesterday	Jin	夕景イエスタデイ	黄昏yesterday	netease-transname
auto	mod:IA-VT Colorful Song Pack	ロスタイムメモリー	Losstime Memory	Jin	ロスタイムメモリー	回忆补时	netease-transname
auto	mod:IA-VT Colorful Song Pack	チルドレンレコード	Children Record	Jin	チルドレンレコード	孩童记录	netease-transname
auto	mod:IA-VT Colorful Song Pack	想像フォレスト	Souzou Forest	Jin	想像フォレスト	想象森林	netease-transname
auto	mod:IA-VT Colorful Song Pack	残る夏に花束を	Nokoru Natsu ni Hanataba o	Nodoka	残る夏に花束を	残存的夏日献上花束	netease-transname
auto	mod:IA-VT Colorful Song Pack	オーヴァースレプト	Overslept	Neru	オーヴァースレプト	过度睡眠	netease-transname
auto	mod:IA-VT Colorful Song Pack	始まりの庭	Hajimari no Niwa	Shirakami Mashiro	始まりの庭	开始之庭	netease-transname
auto	mod:IA-VT Colorful Song Pack	マジックアワー	Magic Hour	out of service	マジックアワー	魔法时刻 (日剧《盛夏的灰姑娘》插曲)	netease-transname
auto	mod:Dystoria's Song Pack	フランスかぶれ	Francophile	OSTER Project	フランスかぶれ	法兰西情结	netease-transname
auto	mod:Dystoria's Song Pack	ニッポン笑顔百景	Nippon Egao Hyakkei	ももいろクローバーZ	ニッポン笑顔百景	日本笑颜百景	netease-transname
auto	mod:Dystoria's Song Pack	にゅー！支配者のキャロル	Carol of the NEW! Ones	Fujiwara Hagane	にゅー！支配者のキャロル	新生！支配者的颂歌	netease-transname
auto	mod:Dystoria's Song Pack	冥界の使者	Zettou no Majo	Ariabl'eyeS	冥界の使者	冥界的使者	netease-transname
auto	mod:Dystoria's Song Pack	ダダダダダル	Dadadadadaru	雨良 Amala	ダダダダダル	烦烦烦烦烦死了	netease-transname
auto	mod:X Song Pack	罪の名前	Name of the Sin	ryo (supercell)	罪の名前	罪的名字	netease-alias
auto	mod:Nitori's Song Pack	しかばねの踊り	Dance of the Corpses	きくお	しかばねの踊り	尸骸之舞	netease-alias
auto	mod:Onneb's Song Pack	おかあさん	Okaasan	マチゲリータP	おかあさん	妈妈	netease-alias
auto	mod:Doatz Song Pack	あいしていたのに	Even Though I Had Loved You	MARETU	pjsk-alias	曾经深爱着的	t-wy-pjsk-alias
auto	mod:Dystoria's Song Pack	あなたの空が泣くのなら	If your sky were to cry	Yuzy	pjsk-alias	若你的天空在哭泣	t-wy-pjsk-alias
auto	mod:Doatz Song Pack	おぎゃりないざー	OGYARINIZER	Ponchi♪	pjsk-alias	还婴者	t-wy-pjsk-alias
auto	mod:Project Hoshikuzu - Song Pack	アイスドロップ	Ice Drop	Aqu3ra	pjsk-alias	冰滴	t-wy-pjsk-alias
auto	mod:Project Hoshikuzu - Song Pack	アイディスマイル	IDSMILE	とあ	pjsk-alias	爱的微笑	t-wy-pjsk-alias
auto	mod:Dystoria's Song Pack	アンテナ39	Antenna 39	Hiiragi Magnetite	pjsk-alias	天线39	t-wy-pjsk-alias
auto	mod:zombzach's song pack	エゴイスト	Egoist	大沼パセリ	pjsk-alias	利己主义者	t-wy-pjsk-alias
auto	mod:Project Hoshikuzu - Song Pack	ガランド	Garando	ピコン	pjsk-alias	傻瓜	t-wy-pjsk-alias
auto	mod:zombzach's song pack	キラー	Killer	夏代孝明	pjsk-alias	杀手	t-wy-pjsk-alias
auto	mod:zombzach's song pack	サイバーパンクデッドボーイ	Cyberpunk Dead Boy	マイキP	pjsk-alias	赛博庞克死男孩	t-wy-pjsk-alias
auto	mod:Project Hoshikuzu - Song Pack	ショウタイム・ルーラー	Showtime Ruler	カラスヤサボウ	pjsk-alias	开演时刻的支配者	t-wy-pjsk-alias
auto	mod:Project Hoshikuzu - Song Pack	ノマド	Nomad	バルーン	pjsk-alias	流浪者	t-wy-pjsk-alias
auto	mod:Dystoria's Song Pack	ハローセカイ	Hello Sekai	DECO*27	pjsk-alias	哈啰世界	t-wy-pjsk-alias
auto	mod:Dystoria's Song Pack	ファイアダンス	Fire Dance	DECO	pjsk-alias	火之舞	t-wy-pjsk-alias
auto	mod:PolterVocaloidSongPack1.1.1	マトリョシカ	MATRYOSHKA	ハチ	pjsk-alias	俄罗斯套娃	t-wy-pjsk-alias
auto	mod:Dystoria's Song Pack	ラストラス	Lustrous	*Luna	pjsk-alias	星汉灿烂	t-wy-pjsk-alias
auto	mod:Cabra's Song Pack	ラブカ？	Love Ka?	柊キライ	pjsk-alias	皱鳃鲨？	t-wy-pjsk-alias
auto	mod:Dystoria's Song Pack	ワールドワイドワンダー	Worldwide Wander	西沢さんP	pjsk-alias	世界环游	t-wy-pjsk-alias
auto	mod:Dystoria's Song Pack	嬢王	Jouou	八王子P	pjsk-alias	女王	t-wy-pjsk-alias
auto	mod:Cabra's Song Pack	ララララフレシア	RRRRafflesia	鬱P	BV1zg41187wD	莱佛士花	bilibili-title-evidence
auto	mod:X Song Pack	クノイチでも恋がしたい	Even a Kunoichi Needs Love	みきとP	BV1Gx411c7kb	女忍者也想谈恋爱	bilibili-title-evidence
auto	mod:X Song Pack	Mrs.Pumpkinの滑稽な夢	Humorous Dream of Mrs. Pumpkin	ハチ	BV1px411E7Cx	Mrs.Pumpkin的滑稽梦	bilibili-title-evidence
auto	mod:Cabra's Song Pack	ラビットホール	Rabbit Hole	DECO*27	BV1wnupz6ERU	兔子洞	bilibili-title-evidence
auto	mod:Cabra's Song Pack	メデ	Mayday	ユリイ・カノン	BV1NbEozvEmN	救我	bilibili-title-evidence
auto	mod:Doatz Song Pack	音偽バナシ	Fakery Tale	DECO*27	BV17U4y1S7J6	伪音物语	bilibili-title-evidence
auto	mod:Doatz Song Pack	女の子になりたい	I wanna be a Girl	まふまふ	BV1TE411Y7WC	想成为女孩子	bilibili-title-evidence
auto	mod:Doatz Song Pack	アンドロイドガール	Android Girl	DECO*27	BV17541177D2	仿生少女	bilibili-title-evidence
auto	mod:Doatz Song Pack	トウテツ	Toutetsu	MARETU	BV1eaPFedE6A	饕餮	bilibili-title-evidence
auto	mod:Doatz Song Pack	少女ケシゴム	Girl Eraser	MARETU	BV1BHRbYXE43	少女橡皮擦	bilibili-title-evidence
auto	mod:Doatz Song Pack	天使だと思っていたのに	I thought I was an Angel	鬱P	BV18W411H7dM	我以为这是一个天使	bilibili-title-evidence
auto	mod:zombzach's song pack	嘘ミーム	Fake meme	ピノキオピー	BV1hW421R79G	谎言迷因	bilibili-title-evidence
auto	mod:Rinissa's Song Pack	サッドガール・セックス	Sad Girl Sex	DECO*27	BV1TM4m1Y7x6	悲伤少女的欲望狂想	bilibili-title-evidence
auto	mod:Rinissa's Song Pack	僕なんかいなくても	With or Without Me	ピノキオピー	BV1mzmfYMErm	即使我不在	bilibili-title-evidence
auto	mod:Dystoria's Song Pack	ジレンマ	Dilemma	DECO*27	BV1FE7m67EK6	进退两难	bilibili-title-evidence
auto	mod:Dystoria's Song Pack	友達バリア	Friend-Zoned	DECO*27	BV1dnfkYvEi9	仅限朋友	bilibili-title-evidence
auto	mod:Dystoria's Song Pack	レディメイド	Readymade	Ado	BV1S44y1Q7nq	现成制品	bilibili-title-evidence
auto	mod:Dystoria's Song Pack	ビバリウム	Vivarium	Ado	BV18bAazeEEP	生态箱	bilibili-title-evidence
auto	mod:lavverso Song Pack	い〜やい〜やい〜や	Whatever Whatever Whatever	Neru	BV17x41177SS	随便～随便～随便～	bilibili-title-evidence
auto	mod:lavverso Song Pack	少女Aに夜露死苦	Bad Girl A	Mitchie M	BV1iD4y1V79o	坏女孩A	bilibili-title-evidence
auto	mod:EdenMasochistPack	皆殺しのマジック	The Magic of Massacre	鬱P	BV1nS4y1X7AK	赶尽杀绝的魔法	bilibili-title-evidence
auto	mod:Onneb's Song Pack	アンデッドアリス	Undead Alice	DECO*27	BV17m421g7hn	致不死的爱丽丝	bilibili-title-evidence
auto	mod:Onneb's Song Pack	人間らしい	Humanly	ユリイ・カノン	BV1Z441187ii	人间本性	bilibili-title-evidence
auto	mod:alocin Song Pack	閻魔さまのいうとおり	Whatever Yama Says Goes	ピノキオピー	BV1hW41197px	像阎魔大王说的那样	bilibili-title-evidence
auto	mod:zombzach's song pack	Aじゃないか	"Isn't it ""A"""	ピノキオピ	BV1aJ4m147Mi	不是A吗	bilibili-title-evidence
auto	mod:Doatz Song Pack	あんたにあっかんべ	I'll Stick My Tongue Out At You	一二三	BV1Ws4y1J7Li	对你做鬼脸	bilibili-title-evidence
auto	mod:Doatz Song Pack	イナくなっちゃえ大作戦	DOMESTIC Revenger	みつあくま	BV1Po4y1F78q	给我消失吧大作战	bilibili-title-evidence
auto	mod:Doatz Song Pack	アネモネ	Anemone	Mitsu Akuma	BV1NR4y1R7Hm	银莲花	bilibili-title-evidence
auto	mod:Doatz Song Pack	ぽかぽかの星	Poka Poka Planet	春卷饭	BV16J411x7nS	暖暖的星	bilibili-title-evidence
auto	mod:Doatz Song Pack	スターナイトスノウ	Star Night Snow	Orangestar	BV18Q4y1G7RW	星夜之雪	bilibili-title-evidence
auto	mod:Doatz Song Pack	雪がとける前に	Before the Snow Melts	doriko	BV13s411R7Yb	融雪之前	bilibili-title-evidence
auto	mod:Doatz Song Pack	きみとそらをとぶ	Fly in the Sky With You	傘村トータ	BV1hC4y1R73r	与你翱游天际	bilibili-title-evidence
auto	mod:Doatz Song Pack	ガッチュー！	I GOT YOU!	Giga	BV1oatMz6Es8	全力以赴	bilibili-title-evidence
auto	mod:Doatz Song Pack	光よ	O Light	kikuo	BV1ns411B7bo	光芒啊	bilibili-title-evidence
auto	mod:Doatz Song Pack	みつけた	FOUND YOU	罪草	BV1vt421H7qF	找到你了	bilibili-title-evidence
auto	mod:Doatz Song Pack	むげんのチケット	Eon Ticket	marasy	BV1CSvfBoE64	无限船票	bilibili-title-evidence
auto	mod:Doatz Song Pack	新人類	New Human Race	まらしぃ, じん	BV1Np421f7Bv	新人类	bilibili-title-evidence
auto	mod:Dystoria's Song Pack	匙ノ咒	Spoofull of SPELL	r-906	BV1pDPEexETH	匙之咒	bilibili-title-evidence
auto	mod:Dystoria's Song Pack	愛属性	Love Attribute	PinnochioP	BV1DMH5zfE62	爱属性	bilibili-title-evidence
auto	mod:EdenMasochistPack	熱異常	Heat abnormal	いよわ	BV1BW4y1H7zu	热异常	bilibili-title-evidence
auto	mod:PolterVocaloidSongPack1.1.1	いますぐ輪廻	Retry Now	なきそ	BV1GbhuzVEYX	即刻轮回	bilibili-title-evidence
auto	mod:Dystoria's Song Pack	クローンクローン	Clone Clone	Atena	BV1LVKUz8EZw	克隆克隆	bilibili-title-evidence
auto	mod:Cabra's Song Pack	熱風	NEPPUU	みきとP	BV1xwx1e8E16	热风	bilibili-title-evidence
auto	mod:Dystoria's Song Pack	ルル	RuLe	Ado	BV1zW421R7gQ	规则	bilibili-title-evidence
auto	mod:Onneb's Song Pack	オペラ！スペースオペラ！ (セカイVer.)	Opera! Space Opera! (Sekai Ver.)	ナユタン星人	BV1RM4m167LD	歌剧！太空歌剧！	bilibili-title-evidence
auto	mod:Rinissa's Song Pack	君が生きてなくてよかった	Thanks for being Lifeless	ピノキオピー	BV1Dx411t7QV	你没有活着真是太好了	bilibili-title-evidence
auto	mod:zombzach's song pack	病み垢ステロイド	Yamiaka Steroid	かいりきベア	BV1Ty421a7Qh	病郁账号类固醇	bilibili-title-evidence
auto	mod:Doatz Song Pack	ポケットのモンスター	The Pokémon Inside My Heart	ピノキオピ	BV12DDNBnE2w	口袋妖怪	bilibili-title-evidence
auto	mod:Doatz Song Pack	汚れっちまった、哀しみに…（笑）	Iron Irony	みつあくま	BV1Ks4y1T7Pf	被弄脏了呢，好难过…（笑）	bilibili-title-evidence
auto	mod:Doatz Song Pack	身体は正直だって言ってんの	Just saying, the body is honest	式浦。, ice	BV1v24y1X7L2	身体倒是很诚实呢~♥	bilibili-title-evidence
auto	mod:Dystoria's Song Pack	みむかｩわナイストライ	Mimukauwa Nice Try	Nunununununununununununununununu	BV1JyB7YnEfp	杂鱼Nice Try	bilibili-title-evidence
auto	mod:Project Hoshikuzu - Song Pack	夜に駆ける	Racing Into the Night	Ayase	qq-music-title	向夜晚奔去	qq-music-parenthetical-title
auto	mod:Cabra's Song Pack	マネキン	Mannequin	DECO*27	qq-music-title	人体模型	qq-music-parenthetical-title
auto	mod:X Song Pack	聖槍爆裂ボーイ	Holy Lance Explosion Boy	れるりり・もじゃ	qq-music-title	圣枪爆裂男孩	qq-music-parenthetical-title
auto	mod:X Song Pack	卑怯戦隊うろたんだー	Urotander, Underhanded Rangers	シンP	qq-music-title	卑怯战队UROTANDA	qq-music-parenthetical-title
auto	mod:X Song Pack	ラズベリー＊モンスター	Raspberry＊Monster	Gom	qq-music-title	树莓*怪物	qq-music-parenthetical-title
auto	mod:Cabra's Song Pack	暗殺プリンセス	Assassin Princess	Mitchie M	qq-music-title	暗杀公主	qq-music-parenthetical-title
auto	mod:Cabra's Song Pack	君色に染まる	Dyed With Your Colors	TOKOTOKO(西沢さんP)	qq-music-title	染上你的颜色	qq-music-parenthetical-title
auto	mod:Cabra's Song Pack	アガペーハッピー	Agape Happy	柊キライ	qq-music-title	快乐神之爱	qq-music-parenthetical-title
auto	mod:Cabra's Song Pack	おおかみなんかこわくないッ!	Wolves Aren't Scary!	OSTER Project	qq-music-title	大灰狼什么的才不怕呢！	qq-music-parenthetical-title
auto	mod:zombzach's song pack	ルーマー	Rumor	ポリスピカデリー	qq-music-title	谣言	qq-music-parenthetical-title
auto	mod:Doatz Song Pack	自己愛性カワイズム	Narcissism Kawaism	Mitchie M	qq-music-title	自恋学派	qq-music-parenthetical-title
auto	mod:Doatz Song Pack	戦闘！初音ミク	Battle! Hatsune Miku	cosMo＠暴走P	qq-music-title	战斗！初音未来	qq-music-parenthetical-title
auto	mod:Doatz Song Pack	メロメロイド	Attractloid	かいりきベア	qq-music-title	着迷之音	qq-music-parenthetical-title
auto	mod:Nitori's Song Pack	ばかみたい	Baka Mitai	福山光原	qq-music-title	像笨蛋一样	qq-music-parenthetical-title
auto	mod:Nitori's Song Pack	ネハンシカ	Nehanshika	ネハンシカP / Deino	qq-music-title	涅槃诗歌	qq-music-parenthetical-title
auto	mod:Nitori's Song Pack	はなゆりかご	Hana Yurikago	iroha(sasaki)	qq-music-title	花摇篮	qq-music-parenthetical-title
auto	mod:Nitori's Song Pack	一騎当千	Matchless Warriors	梅とら	qq-music-title	一骑当千	qq-music-parenthetical-title
auto	mod:Nitori's Song Pack	ホントノ	Honto no	原口沙輔	qq-music-title	是真的吗	qq-music-parenthetical-title
auto	mod:Onneb's Song Pack	つよがるガール	Tsuyogaru Girl	ぼっちぼろまる	qq-music-title	逞强好胜的女孩	qq-music-parenthetical-title
auto	mod:Onneb's Song Pack	アイドル	Idol	YOASOBI	qq-music-title	偶像	qq-music-parenthetical-title
auto	mod:Kaito-Aiyumi SongPack3	ハジマリノサヨナラ	Beginning's Goodbye	HoneyWorks	qq-music-title	初始的道别	qq-music-parenthetical-title
auto	mod:Kaito-Aiyumi SongPack3	今好きになる。	Right Now, I'm In Love With You.	HoneyWorks	qq-music-title	我于此刻恋上你	qq-music-parenthetical-title
auto	mod:Kaito-Aiyumi SongPack3	エレクトリック・マジック	Electric Magic	八王子P	qq-music-title	电子魔法	qq-music-parenthetical-title
auto	mod:noah's mini song pack 1	パンこげこげになっちゃった	My Bread was Burnt to a Crisp	picdo	qq-music-title	面包烤焦了	qq-music-parenthetical-title
auto	mod:Miracle Girls Festival Chart Pack	太陽曰く燃えよカオス	"The Sun Says ""Burn, Chaos"""	田中 秀和(MONACA)	qq-music-title	太阳说燃烧吧混沌	qq-music-parenthetical-title
auto	mod:Miracle Girls Festival Chart Pack	恋は渾沌の隷也	Love is the Servant of Chaos	田中 秀和(MONACA)	qq-music-title	恋爱乃混沌之奴隶也	qq-music-parenthetical-title
auto	mod:Miracle Girls Festival Chart Pack	とまどい→レシピ	Confusion→Recipe	Junky	qq-music-title	疑惑→配方	qq-music-parenthetical-title
auto	mod:Miracle Girls Festival Chart Pack	まっしろわーるど	Masshiro World	Junky	qq-music-title	纯白世界	qq-music-parenthetical-title
auto	mod:Miracle Girls Festival Chart Pack	ゆりゆららららゆるゆり大事件	The YuruYuri Incident	イイジマケン	qq-music-title	百合摇晃晃晃晃 摇曳百合大事件	qq-music-parenthetical-title
auto	mod:Miracle Girls Festival Chart Pack	コードレス☆照れ☆PHONE	CORDLESS☆TERE☆PHONE	谷 正太	qq-music-title	无线☆害羞☆电话	qq-music-parenthetical-title
auto	mod:Miracle Girls Festival Chart Pack	コトバ・カラフル	Kotoba・Colorful	千葉\naotyu-\直樹	qq-music-title	缤纷言语	qq-music-parenthetical-title
auto	mod:Miracle Girls Festival Chart Pack	ブルー・フィールド	Blue Field	Heart's Cry	qq-music-title	蔚蓝领域	qq-music-parenthetical-title
auto	mod:Miracle Girls Festival Chart Pack	ありふれたしあわせ	Everyday Happiness	神前 暁（MONACA）	qq-music-title	洋溢的幸福	qq-music-parenthetical-title
auto	mod:Yoru Song Pack	かみさまちゃん	Kamisama-chan	ど～ぱみん	qq-music-title	神明大人酱	qq-music-parenthetical-title
auto	mod:lavverso Song Pack	人柱アリス	Alice Human Sacrifice	歪P	qq-music-title	人柱爱丽丝	qq-music-parenthetical-title
auto	mod:Rinissa's Song Pack	過呼吸ダンス	Hyperventilation Dance	梨本うい	qq-music-title	过呼吸Dance	qq-music-parenthetical-title
auto	mod:Rinissa's Song Pack	シークレットひみつ	Secret HIMITSU	ピノキオピー	qq-music-title	Secret 秘密	qq-music-parenthetical-title
auto	mod:Rinissa's Song Pack	気になるあいつは怪獣少年	My Crush Was a Monster Boy	Shokubai Phantom Girl	qq-music-title	在意的那家伙是怪兽少年	qq-music-parenthetical-title
auto	mod:NiStory Song Pack	キャンディークッキーチョコレート	CandyCookieChocolate	HALLO CEL	qq-music-title	糖果饼干巧克力	qq-music-parenthetical-title
auto	mod:NiStory Song Pack	アンチクロロベンゼン	Antichlorobenzene	オワタP	qq-music-title	反氯苯	qq-music-parenthetical-title
auto	mod:Dystoria's Song Pack	目撃！テト31世	Teto the 31st	HALLOCELL	qq-music-title	目击!!teto31世	qq-music-parenthetical-title
auto	mod:Dystoria's Song Pack	蜂蜜日記	Honey Diary	Kashii Moimi	qq-music-title	蜂蜜日记	qq-music-parenthetical-title
auto	mod:Dystoria's Song Pack	エンヴィーベイビー	Envy Baby	Kanaria	qq-music-title	嫉妒宝贝	qq-music-parenthetical-title
auto	mod:IA-VT Colorful Song Pack	アフターグロウ	Afterglow	Zauni	qq-music-title	晚霞	qq-music-parenthetical-title
auto	mod:IA-VT Colorful Song Pack	死神のギター	Shinigami no Guitar	Potential 0	qq-music-title	死神的吉他	qq-music-parenthetical-title
auto	mod:IA-VT Colorful Song Pack	セツナドライブ	Setsuna Drive	9mm Parabellum Bullet	qq-music-title	刹那Drive	qq-music-parenthetical-title
auto	mod:IA-VT Colorful Song Pack	夢見心地	Yumemi Gokochi	NioP	qq-music-title	恍如梦境	qq-music-parenthetical-title
auto	mod:IA-VT Colorful Song Pack	君のとなりに	Kimi no Tonari Ni	rerulili	qq-music-title	在你身边	qq-music-parenthetical-title
auto	mod:IA-VT Colorful Song Pack	東京リアルワールド	Tokyo Real World	out of service	qq-music-title	东京现实世界	qq-music-parenthetical-title
auto	mod:IA-VT Colorful Song Pack	仇返しシンドローム	Adagaeshi Syndrome	MafuMafu	qq-music-title	复仇综合症	qq-music-parenthetical-title
auto	mod:zombzach's song pack	ルーキー	Rookie	DECO*27	qq-music:ルーキー (新手) (Hiroshi Fujiwara Remix)	新手	qq-music-parenthetical-title
auto	mod:X Song Pack	紅一葉	A Single Red Leaf	黒うさ	netease-transNames	红一叶	netease-transname
auto	mod:lavverso Song Pack	アップルドットコム	Apple dot com	ピノキオピー	netease-transNames	苹果网站	netease-transname
auto	mod:lavverso Song Pack	うらめしヤッホー	URAMESHI YAHOO	和田たけあき	netease-transNames	怨恨	netease-transname
auto	mod:PolterVocaloidSongPack1.1.1	あぁあぁあぁああぁあぁああぁ	AaAaAaAAaAaAAa	梨本うい	netease-transNames	啊啊啊啊啊啊啊啊啊	netease-transname
auto	mod:Cabra's Song Pack	鉄の処女と夢見がちなお姫さま	The Iron Maiden and the Dreamy Princess	暗黒童話P(じょるじん)	netease-transNames	铁处女与爱做梦的公主大人	netease-transname
auto	mod:Cabra's Song Pack	キミのことが好きでゴメンナサイ	Kimi no Koto ga Suki de Gomennasai	うたたP	netease-transNames	对不起，我喜欢你	netease-transname
auto	mod:Doatz Song Pack	アンチビート	Anti Beat	DECO*27	netease-transNames	反击	netease-transname
auto	mod:Doatz Song Pack	俺ゴーストタイプ	I'm a Ghost Type	手動	netease-transNames	我幽灵类型	netease-transname
auto	mod:zombzach's song pack	モエチャッカファイア	MoeChakkaFire	issey	netease-transNames	萌萌点火Fire	netease-transname
auto	mod:zombzach's song pack	アンチユー	ANTI YOU	Chinozo	netease-transNames	反对你	netease-transname
auto	mod:Nitori's Song Pack	Девочка с каре	Девочка с каре	МУККА	netease-transNames	短发女孩	netease-transname
auto	mod:Nitori's Song Pack	インベーダーインベーダー	Invader Invader	きゃりーぱみゅぱみゅ	netease-transNames	入侵者入侵者	netease-transname
auto	mod:Nitori's Song Pack	は？お前ほんとマジお前分かってねえわマジで一旦とりあえず聞けってマジ	kawaiiorei	D.J.ァネイロ	netease-transNames	哈？你真的你是真不懂啊总之先听人说话啊我说真的	netease-transname
auto	mod:Onneb's Song Pack	ぐるぐるめろメロディ♪	Groove Groove melo-melody♪	キノシタ	netease-transNames	转啊转的旋律♪	netease-transname
auto	mod:noah's mini song pack 1	超限界バスター	Super Limit Buster	¿?shimon	netease-transNames	超极限破坏者	netease-transname
auto	mod:zombzach's song pack	フィクサー	Fixer	ぬゆり	netease-transNames	神射手	netease-transname
auto	mod:Rinissa's Song Pack	エリート	Elite	ちのぞー	netease-transNames	优等生	netease-transname
auto	mod:Nitori's Song Pack	残酷な天使のテーゼ (TV size)	A Cruel Angel's Thesis (TV size)	高橋 洋子	netease-transNames	残酷天使的行动纲领	netease-transname
auto	mod:Dystoria's Song Pack	祝福のLibrary	Shukufuku no Library	Valkyrie	netease-transNames	祝福的藏书馆	netease-transname
auto	mod:IA-VT Colorful Song Pack	ワールド・コーリング	World Calling	Jin	netease-transNames	世界·呼唤	netease-transname
auto	mod:Doatz Song Pack	カラクサタウン	Accumula Town	増田順一	netease-transNames	唐草镇	netease-transname
auto	mod:Dystoria's Song Pack	#髪を切る	Cut my bangs	ゐろは苹果	netease-transNames	#剪发	netease-transname
auto	mod:Project Hoshikuzu - Song Pack	月光	Moonlight	キタニタツヤ, はるまきごはん	self-display	月光	self-display-cjk-title
auto	mod:EdenMasochistPack	帝国少女	Imperial Girl	R Sound Design	self-display	帝国少女	self-display-cjk-title
auto	mod:PolterVocaloidSongPack1.1.1	肺超微細珪火山症	Pneumonoultramicroscopicsilicovolcanoconiosis	だす	self-display	肺超微細珪火山症	self-display-cjk-title
auto	mod:PolterVocaloidSongPack1.1.1	失敗時代	FLOP ERA	えぴあえおん	self-display	失敗時代	self-display-cjk-title
auto	mod:PolterVocaloidSongPack1.1.1	静的	Static	ふれいばあfおうりい	self-display	静的	self-display-cjk-title
auto	mod:PolterVocaloidSongPack1.1.1	静的 - 再起動	Static - REBOOTED	ふれいばあfおうりい	self-display	静的 - 再起動	self-display-cjk-title
auto	mod:Cabra's Song Pack	街	City	jon-YAKITORY	self-display	街	self-display-cjk-title
auto	mod:Doatz Song Pack	電気予報	Electricity Forecast	稲葉曇	self-display	電気予報	self-display-cjk-title
auto	mod:Doatz Song Pack	酒呑童子	Shutendouji	豆カカオ	self-display	酒呑童子	self-display-cjk-title
auto	mod:zombzach's song pack	烈火	Rekka	niki	self-display	烈火	self-display-cjk-title
auto	mod:Nitori's Song Pack	砂糖陰謀論	Sugar Conspiracy Theory	MAX	self-display	砂糖陰謀論	self-display-cjk-title
auto	mod:Nitori's Song Pack	宗教	Shuukyou -Religion-	椎名林檎	self-display	宗教	self-display-cjk-title
auto	mod:Nitori's Song Pack	落日	Rakujitsu -Dusk-	東京事変	self-display	落日	self-display-cjk-title
auto	mod:Rinissa's Song Pack	百花繚乱	Hyakka Ryouran (TV size)	幾田りら	self-display	百花繚乱	self-display-cjk-title
auto	mod:Rinissa's Song Pack	404：虚像	404: False Image	蟹木しとお	self-display	404：虚像	self-display-cjk-title
auto	mod:Dystoria's Song Pack	駅前	Ekimae -A station-	東京事変	self-display	駅前	self-display-cjk-title
auto	mod:Dystoria's Song Pack	綴目	The corner of my eye	栗山夕璃	self-display	綴目	self-display-cjk-title
auto	mod:Dystoria's Song Pack	妄想税	Delusion Tax	DECO27	self-display	妄想税	self-display-cjk-title
auto	mod:Dystoria's Song Pack	本命	Fave Fix	DECO*27	self-display	本命	self-display-cjk-title
auto	mod:IA-VT Colorful Song Pack	憧憬	Doukei	BACK-ON	self-display	憧憬	self-display-cjk-title
auto	mod:IA-VT Colorful Song Pack	現実的論理主義者	Genjitsuteki Ronri Shugisha	goboumen	self-display	現実的論理主義者	self-display-cjk-title
auto	mod:IA-VT Colorful Song Pack	恋椿姫	Koi Tsubaki Hime	PolyphonicBranch	self-display	恋椿姫	self-display-cjk-title
auto	mod:IA-VT Colorful Song Pack	単色世界	Tanshoku Sekai	Wataame	self-display	単色世界	self-display-cjk-title
auto	mod:IA-VT Colorful Song Pack	銀河鉄道365	Ginga Tetsudou 365	Ichiokuen-P	self-display	銀河鉄道365	self-display-cjk-title
auto	mod:IA-VT Colorful Song Pack	延命治療	Enmei Chiryou	Neru	self-display	延命治療	self-display-cjk-title
auto	mod:IA-VT Colorful Song Pack	鹿驚	Kakashi	Mochizuki Urara	self-display	鹿驚	self-display-cjk-title
auto	mod:lavverso Song Pack	MELODY LINE	Melody Line	SmileR	self-display	MELODY LINE	self-display-latin-title
auto	mod:Retro Charts	[PD2] Change me	[PD2] Change Me	shu-t	self-display	[PD2] Change me	self-display-latin-title
auto	mod:lavverso Song Pack	ストロ→	Straw→	千石ナタデコ子	self-display	ストロ→	self-display-kana-title
auto	mod:Nitori's Song Pack	HANN	HANN (Alone)	(G)I-dle	qq-music:한 (HANN) (一) (HANN(Alone))	一	qq-music-parenthetical-title
auto	mod:alocin Song Pack	JUMPIN' OVER！	JUMPIN' OVER!	r-906	self-display	JUMPIN' OVER！	self-display-latin-title
auto	mod:Retro Charts	[PD2] magnet	[PD2] Magnet	minato	self-display	[PD2] magnet	self-display-latin-title
auto	mod:X Song Pack	キュート・メドレー ～アイドル サウンズ～	Cute Medley - Idol Sounds	Mitchie M	bilibili:BV1Z64y1V7RD	俏皮组曲 ~Idol Sounds~	bilibili-title-evidence
auto	mod:X Song Pack	はじまりのメドレー 〜プライマリーカラーズ〜	Beginning Medley - Primary Colors	OSTER project	qq-music:はじまりのメドレー ~プライマリーカラーズ~ (初始组曲 ~Primary Colors~)	初始组曲 ~Primary Colors~	qq-music-parenthetical-title
auto	mod:X Song Pack	クール・メドレー ～サイバーロックジャム～	Cool Medley - Cyber Rock Jam	wowaka, ライブP, ゆうゆ, ゆよゆっぺ, n,k	qq-music:クール・メドレー ~サイバーロックジャム~ (酷炫组曲 ~Cyber Rocker Jam~)	酷炫组曲 ~Cyber Rocker Jam~	qq-music-parenthetical-title
auto	mod:lavverso Song Pack	フロートプレイ	Float Play	稲葉曇	self-display	フロートプレイ	self-display-kana-title
auto	mod:Cabra's Song Pack	ビー マイ ゲスト	Be My Guest	アザリ	moegirl:Be_My_Guest	别客气	moegirl-title-evidence
auto	mod:X Song Pack	カオス・メドレー ～ギガリミックス～	Quirky Medley - Giga-Remix	ぎがP/れをる, みきとP	mikuclub:920545	混沌组曲 ~Giga Remix~	community-title-evidence
pending	mod:X Song Pack	愛Dee	Ai Dee	Mitchie M			missing
pending	mod:X Song Pack	ビューティ・メドレー 〜Glossy Mixture〜	Elegant Medley - Glossy Mixture	ELECTROCUTICA ,八王子P, Tripshots			missing
pending	mod:X Song Pack	終極のメドレー ～超絶技巧暴走組曲～	Ending Medley - Ultimate Exquisite Rampage	wowaka, PolyphonicBranch, Storyteller			missing
pending	mod:lavverso Song Pack	重音territory ～ずっとテトのターン	Kasane territory ～ Zutto Teto no Taan	ZUN			missing
pending	mod:lavverso Song Pack	振り子の幽霊	Furiko no Yuurei	mizian 81 end			missing
pending	mod:lavverso Song Pack	匿名M	Anonymous M	ピノキオピー			missing
pending	mod:EdenMasochistPack	すーぱーぬこになれんかった	I Couldn't Become a Super Cat After All	まふまふ			missing
pending	mod:EdenMasochistPack	マギサ	Magisa	wotaku			missing
pending	mod:EdenMasochistPack	終焉≠カタルシス	Demise ≠ Catharsis	ろひP			missing
pending	mod:Birdbrain	バードブレイン	BIRDBRAIN	Jamie Paige/OK Glass/Ash Taylor			missing
pending	mod:PolterVocaloidSongPack1.1.1	恐怖ガーデン	Fear Garden	ちゃぁ			missing
pending	mod:PolterVocaloidSongPack1.1.1	代弁された	Spoken For	ふれいばあfおうりい			missing
pending	mod:PolterVocaloidSongPack1.1.1	ヴァルゴ	Virgo	なんとかP			missing
pending	mod:Cabra's Song Pack	ビビビビ	Be Be Be Be!	フロクロ			missing
pending	mod:zombzach's song pack	バグってない?	It's not buggy	すりい			missing
pending	mod:zombzach's song pack	ころしちゃった!	Messed up!	夏山よつぎ			missing
pending	mod:zombzach's song pack	あいたい星人	Aitai-lians	DECO*27			missing
pending	mod:Doatz Song Pack	おじゃま虫II	Stickybug II	DECO*27			missing
pending	mod:Doatz Song Pack	giga戯画witch	Giga Cartoon Witch	黒澤まどか			missing
pending	mod:Doatz Song Pack	おはよう元年	Good Morning, First Year	ラマーズP			missing
pending	mod:Doatz Song Pack	ATARI FRONT PROGRAM Feat. 可不	ATARI FRONT PROGRAM Feat. KAFU	鬱P			missing
pending	mod:Doatz Song Pack	はらぺこなんです！！	I am Hungry!!	cosMo＠暴走P			missing
pending	mod:Doatz Song Pack	不埒な喝采 Feat.可不	Unscrupulous Cheers Feat. KAFU	ポリスピカデリー			missing
pending	mod:Doatz Song Pack	破壊少女 Feat. 狐子	Girl of Destruction Feat. COKO	香椎モイミ			missing
pending	mod:Doatz Song Pack	Datte Feat. 夏色花梨	Datte Feat. Natsuki Karin	ゆよゆっぺ			missing
pending	mod:Doatz Song Pack	Boi Feat. 可不	Boi Feat. KAFU	ポリスピカデリー			missing
pending	mod:Doatz Song Pack	色彩 Feat. 可不	Colors Feat. KAFU	ATOLS			missing
pending	mod:Doatz Song Pack	アンサー Feat. 花譜	Answer Feat. KAF	カンザキイオリ			missing
pending	mod:Doatz Song Pack	花となれ Feat. 可不	Become a Flower Feat. KAFU	雄之助			missing
pending	mod:Doatz Song Pack	かふたんがカレーうどんを食べたがっている	Kafu-tan Wants to Eat Curry Udon	榊みむ			missing
pending	mod:Doatz Song Pack	リセットなの。Feat. 可不	Reset Feat. KAFU	とあ			missing
pending	mod:Doatz Song Pack	アイムハイ	I'm high	MARETU			missing
pending	mod:Doatz Song Pack	デビルズデビル Feat. フラワ ・ 可不	Devil's Devil Feat. Flower & KAFU	前線			missing
pending	mod:Doatz Song Pack	Dance Deggee Feat. 可不	Dance Deggee Feat. KAFU	前線			missing
pending	mod:Doatz Song Pack	リセットシンドローム Feat. 狐子	Reset Syndrome Feat. COKO	HiFi-P			missing
pending	mod:Doatz Song Pack	LOVE&POPS Feat. 可不	LOVE&POPS Feat. KAFU	飽海			missing
pending	mod:Doatz Song Pack	[un]INSOMNIA Feat. 結月ゆかり	[un]INSOMNIA Feat. Yuzuki Yukari	LIQ			missing
pending	mod:Doatz Song Pack	狐の通り道 Feat. 狐子	Fox's Path Feat. COKO	ねり			missing
pending	mod:Doatz Song Pack	バタフライエンド	Butterfly End	フユウ			missing
pending	mod:Doatz Song Pack	倍速視聴：1分あれば十分さ Feat. 小春六花	Double speed viewing: 1 minute is enough Feat. Rikka	オワタP			missing
pending	mod:Doatz Song Pack	フォニイ Feat. 可不	Phony Feat. KAFU	ツミキ			missing
pending	mod:Doatz Song Pack	やったれ！音合戦	Yattare! Ongassen	まらしぃ			missing
pending	mod:Doatz Song Pack	メロウライト	Mellow Light	まらしぃ			missing
pending	mod:Doatz Song Pack	ミライどんなだろう	What Kind of Future	Mitchie M			missing
pending	mod:Doatz Song Pack	アイ	Ai	DECO*27			missing
pending	mod:Doatz Song Pack	ニャン黙の了解	Nyan-Spoken Understanding	鬱P			missing
pending	mod:Doatz Song Pack	天照ラセ - 10th Anniversary ver. -	Amaterase - 10th Anniversary ver. -	まらしぃ			missing
pending	mod:Doatz Song Pack	ハッピーチートデー	Happy Cheat Day	れるりり			missing
pending	mod:Doatz Song Pack	シェイディ・レイディ	Shady Lady	前線			missing
pending	mod:Doatz Song Pack	アマツキツネ - 10th anniversary -	Amatsu Kitsune - 10th anniversary -	まらしぃ			missing
pending	mod:Doatz Song Pack	ひゅ〜どろどろ	Woo~oosh, Oozing	蜂屋ななし			missing
pending	mod:Doatz Song Pack	ネコ通信	Cat Communication	isonosuke			missing
pending	mod:Doatz Song Pack	ノーブル・ローズ	NOBLE ROSE	ねじ式			missing
pending	mod:Doatz Song Pack	U’まれてきてくれてありがとうございます.	U'marete Kite Kurete Arigatou.	やいり			missing
pending	mod:Doatz Song Pack	たびのまえ、たびのあと	Journey's Prequels, Journey's Traces	いよわ			missing
pending	mod:Doatz Song Pack	エスパーエスパー	Psychic Psychic	ナユタン星人			missing
pending	mod:Doatz Song Pack	ゴー！ビッパ団	GO! Team BIPPA	Wonderful☆Opportunity			missing
pending	mod:Doatz Song Pack	ダメンズ ロープウェイ	Damens Ropeway	ねじ式			missing
pending	mod:zombzach's song pack	フィッシュアンドTips	Fish and Tips	Dopam!ne			missing
pending	mod:zombzach's song pack	バブリン	Bubblin	5u5h1			missing
pending	mod:Nitori's Song Pack	恋のディスコ・クイーン	Koi no DISCO QUEEN	SEGA SOUND TEAM			missing
pending	mod:Nitori's Song Pack	JUDGEMENT -審判- (Full Spec Edition)	Judgement -Shinpan- (Full Spec Edition)	Hyd Lunch			missing
pending	mod:Nitori's Song Pack	るるちゃんの自殺配信	Ruru's Suicide Show On A Livestream	神聖かまってちゃん			missing
pending	mod:Nitori's Song Pack	24時間シンデレラ (Full Spec Edition)	24-hour Cinderella (Full Spec Edition)	ZENTA			missing
pending	mod:Nitori's Song Pack	ピプパペット	Pip Puppet	r-906			missing
pending	mod:Nitori's Song Pack	ナイト・オブ・ナイツ (Cranky Remix)	Night of Knights (Cranky Remix)	ビートまりお × Cranky			missing
pending	mod:Nitori's Song Pack	イワシが土から生えてくるんだ	A Sardine Grows from the Soil	???????			missing
pending	mod:Nitori's Song Pack	雷神の左腕	Raijin no Hidariude	サウンドホライズン			missing
pending	mod:Nitori's Song Pack	夏祭り- 鬱P Ver	Natsu Matsuri - UtsuP Ver	鬱P			missing
pending	mod:Nitori's Song Pack	LaLaL危	LaLaLove	梅とら			missing
pending	mod:Nitori's Song Pack	ガールズドラゴンロード	Girl's Dragon Road	左手			missing
pending	mod:Nitori's Song Pack	バブル (Full Spec Edition)	Bubble (Full Spec Edition)	湘南乃風			missing
pending	mod:Nitori's Song Pack	少女A	Young Girl A	ぽわぽわP			missing
pending	mod:Nitori's Song Pack	死んでいます	Shindeimasu	44e-prone			missing
pending	mod:Nitori's Song Pack	すすすす、すき、だあいすき 【かたほとりMIX】	I Like You, I Love You [Katahotori MIX]	かたほとりP, Katahotori			missing
pending	mod:Nitori's Song Pack	くるくるぱぁ	Kuru Kuru Pa	ラマーズP			missing
pending	mod:Nitori's Song Pack	ササメク (remodel for alpa)	Sasameku (remodel for alpa)	椎名もた			missing
pending	mod:Nitori's Song Pack	インターネッツ・ディスコ	Internets Disco	buzzG			missing
pending	mod:Nitori's Song Pack	13階段のすべりだい	13 Stairs	ばぶちゃん			missing
pending	mod:Onneb's Song Pack	ハイスピードユニヴァース	High-Speed Universe	テンタクル忍者			missing
pending	mod:Onneb's Song Pack	悪戯センセーション	Itazura Sensation	森羅万象			missing
pending	mod:Onneb's Song Pack	キラー (セカイVer.)	Killer (Sekai Ver.)	夏代孝明			missing
pending	mod:Onneb's Song Pack	レッドラインシンドローム	Redline Syndrome	ルシノ			missing
pending	mod:Onneb's Song Pack	煉情ミスティフィリア	Renjou Mystiphilia	Sakamiya feat.一花			missing
pending	mod:Onneb's Song Pack	エゴイスト (セカイVer.)	EGOIST (Sekai Ver.)	大沼パセリ			missing
pending	mod:Onneb's Song Pack	ボーカロイドボサノバメドレー	Vocaloid Bossa Nova Medley				missing
pending	mod:Onneb's Song Pack	ヤムヤム!ピザ！	Yum-Yum! Pizza!	ねこだいすきP			missing
pending	mod:Onneb's Song Pack	フューエル (セカイVer.)	Fuel (Sekai Ver.)	鬱P			missing
pending	mod:Onneb's Song Pack	Voices (セカイVer.)	Voices (Sekai Ver.)	ゆよゆっぺ			missing
pending	mod:Onneb's Song Pack	サラバ、愛しき悲しみたちよ (Short Ver.)	Saraba, Itoshiki Kanashimitachi yo (Short Ver.)	ももいろクローバーZ			missing
pending	mod:Onneb's Song Pack	人生マタタビ	Jinsei Matatabi	かいりきベア feat. ちくわ			missing
pending	mod:Onneb's Song Pack	シニタイちゃん	Shinitai-chan	すいっち			missing
pending	mod:alocin Song Pack	バッドシャーク	Bad Shark	niki			missing
pending	mod:alocin Song Pack	エスパーエスパー	Esper Esper	ナユタン星人			missing
pending	mod:alocin Song Pack	イフ	IF	ユリイ・カノン			missing
pending	mod:alocin Song Pack	ピカピカ	Pikapika	n.k			missing
pending	mod:alocin Song Pack	ミライどんなだろう	What Kind of Future	Mitchie M			missing
pending	mod:alocin Song Pack	地団駄ビート	Jidanda Beat	まらしぃ			missing
pending	mod:Kaito-Aiyumi SongPack3	ニュース39	News39	Mitchie M			missing
pending	mod:Kaito-Aiyumi SongPack3	どうぶつ占い - Mirai2013	Animal Divination - Mirai 2013	Scop			missing
pending	mod:noah's mini song pack 1	すーぱーこんぷれっくす	Super Complex	¿?shimon			missing
pending	mod:Miracle Girls Festival Chart Pack	ぽっぴんジャンプ♪	Poppin Jump♪	木村 有希			missing
pending	mod:Miracle Girls Festival Chart Pack	いぇす！ゆゆゆ☆ゆるゆり♪♪	Yes! YuYuYu☆YuruYuri♪♪	杉浦\ラフィン\誠一郎			missing
pending	mod:Miracle Girls Festival Chart Pack	も・ぎ・た・て♥フルーツガールズ	Mogitate ♥ Fruit Girls	山口 朗彦			missing
pending	mod:Miracle Girls Festival Chart Pack	コトバ・サガシタイ	Kotoba・Sagashitai	千葉\naotyu-\直樹			missing
pending	mod:Miracle Girls Festival Chart Pack	タチアガレ！	Tachiagare!	神前 暁（MONACA）			missing
pending	mod:zombzach's song pack	ディジーディジー	Dizzy Dizzy	栗山夕璃			missing
pending	mod:Megpoid the Music# Song Pack	キリトリセン -Megpoid# Edit-	Cutoff Line -Megpoid# Edit-	40mp			missing
pending	mod:Megpoid the Music# Song Pack	十面相 -Megpoid# Edit-	Ten Faced -Megpoid# Edit-	YM			missing
pending	mod:Megpoid the Music# Song Pack	レクイヱム -Megpoid# Edit-	Requiem -Megpoid# Edit-	ぺぺろんP			missing
pending	mod:Megpoid the Music# Song Pack	キッチンでカッパがタニシ茹でてる -Megpoid# Edit-	A Kappa Is Boiling Slugs in My Kitchen -Megpoid# Edit-	家の裏でマンボウが死んでるP			missing
pending	mod:Megpoid the Music# Song Pack	会いたい -Megpoid# Edit-	Aitai -Megpoid# Edit-	シグナルP			missing
pending	mod:Yoru Song Pack	アルゴリズム的最適合法D**G	Algorithm-optimized methods D**G	ゆいなP			missing
pending	mod:Yoru Song Pack	ドーナツ	Donatsu	TAK / DORIDORI			missing
pending	mod:Yoru Song Pack	この命を響かせたいと思ったのだ	I Have Determined to Make This Life Resound	Sheeno　Mirin			missing
pending	mod:Yoru Song Pack	ちゅきちゅきポコポコポン	CHUKICHUKI POKOPOKO-PON	TAK			missing
pending	mod:Yoru Song Pack	ラビットビット	Rabbit Bit	yowanecity			missing
pending	mod:Yoru Song Pack	ぐちゃぐちゃぬるぽ	Gucha Gucha Null Po	STEAKA			missing
pending	mod:lavverso Song Pack	ggrks -ググれカス-	Go Google It	あー民P			missing
pending	mod:Rinissa's Song Pack	ファタール	Fatal (TV size)	キタニタツヤ			missing
pending	mod:Rinissa's Song Pack	アンダーヒロイン	Under Heroine	ツユ			missing
pending	mod:Rinissa's Song Pack	カリンーヨサ	Ang Carinosa	Steampianist			missing
pending	mod:Rinissa's Song Pack	シンデレラ (ギガりみっくす)	Cinderella (Giga First Night Remix)	DECO*27			missing
pending	mod:Rinissa's Song Pack	フォクス	FOCUS	KIRA			missing
pending	mod:Rinissa's Song Pack	らんぐあじおふだろすと	Language of the Lost	R.I.P / RIProducer			missing
pending	mod:Rinissa's Song Pack	萬屋レストラン	Yorozuya Restaurant	暖炉P			missing
pending	mod:Rinissa's Song Pack	自我反逆ボーイ	Ego Renegade Boy	FLAVOR FOLEY			missing
pending	mod:Nitori's Song Pack	Thriller feat. 重音テト SV	Thriller feat. Kasane Teto SV	れとろtoふゅーちゃー			missing
pending	mod:NiStory Song Pack	ピニャコラーダ	Piña Colada	ねじ式			missing
pending	mod:NiStory Song Pack	いーあるふぁんくらぶ (Giga-P Remix)	1, 2 Fanclub (Giga-P Remix)	ギガP & おればななP			missing
pending	mod:Nitori's Song Pack	ビンジラスター	Binge Luster	X-Plorez			missing
pending	mod:Nitori's Song Pack	パラノイヤ	Paranoia	カラスヤサボウ			missing
pending	mod:Nitori's Song Pack	私がモテないのはどう考えてもお前らが悪い! (TV size)	Watashi ga Motenai no wa Dou Kangaete mo Omaera ga Warui (TV size)	キバオブアキバ, 鈴木 このみ			missing
pending	mod:Nitori's Song Pack	ミク	Miku	Anamanaguchi			missing
pending	mod:Nitori's Song Pack	テリヤキ	Teriyaki	柊マグネタイト			missing
pending	mod:Nitori's Song Pack	土屋的イワシがくる生活	In the soil, daily life with a sardine	saklz			missing
pending	mod:Nitori's Song Pack	Gruppa krovi feat. 初音ミク	Gruppa krovi feat. Hatsune Miku	Кино / Andrew Ovcharenko			missing
pending	mod:Nitori's Song Pack	チェリーハント feat. ルス	Cherry Hunt feat. Luz	奏音69			missing
pending	mod:Nitori's Song Pack	む	Mu	大漠波新			missing
pending	mod:Nitori's Song Pack	ムニエル	Meunière	daniwell			missing
pending	mod:Dystoria's Song Pack	虚像のCarousel	Carousel of Imaginary Images	Mori Calliope × Reol			missing
pending	mod:Dystoria's Song Pack	ディジーディジー	Dizzy Dizzy	蜂屋ななし			missing
pending	mod:Dystoria's Song Pack	ビースト・ダンス	Beast Dance	KurageP			missing
pending	mod:Dystoria's Song Pack	カレーニナ	Karenina	柊キライ			missing
pending	mod:Dystoria's Song Pack	マインドブランド	Mind Brand	Maretu			missing
pending	mod:Dystoria's Song Pack	スカーレット・ドリームズ	Scarlet Dreams	Nem			missing
pending	mod:Dystoria's Song Pack	かんせい	Perfect	大漠波新			missing
pending	mod:Dystoria's Song Pack	SAN値直葬	SANity Krush	STEAKA			missing
pending	mod:Dystoria's Song Pack	幸せになれる隠しコマンドがあるらしい	There's supposed to be a cheat code for happiness	うたたP			missing
pending	mod:Dystoria's Song Pack	推活天使ビビアンちゃん	oshikatsu angel miss vivian	Mustard			missing
pending	mod:Dystoria's Song Pack	愛は得体が知れない	Love is Mysterious	otetsu			missing
pending	mod:Dystoria's Song Pack	お化けガオ	Obake Gao	はろける			missing
pending	mod:Dystoria's Song Pack	ハートアタック	Heart Attack	Omoi			missing
pending	mod:Dystoria's Song Pack	ぐちゃったな	Guchatta na	タケノコ少年			missing
pending	mod:Dystoria's Song Pack	ユニ	Yuni	柊マグネタイト			missing
pending	mod:Dystoria's Song Pack	すーぱーぬこわーるど	Super Nuko world	まふまふ			missing
pending	mod:IA-VT Colorful Song Pack	キラースマイル	Killer Smile	yksb			missing
pending	mod:IA-VT Colorful Song Pack	インナーアーツ	Inner Arts	Jin			missing
pending	mod:IA-VT Colorful Song Pack	神のみぞ知る	God Only Knows	Darvish-P			missing
pending	mod:IA-VT Colorful Song Pack	サーキットディスコ	Circuit DISCO	Komatsu Kazuya			missing
pending	mod:IA-VT Colorful Song Pack	ラヴ・サジタリアス	Love Sagitarius	Jin			missing
pending	mod:IA-VT Colorful Song Pack	パバースラブロック	Perverse Love Rock	Nakazawa Tomoyuki			missing
pending	mod:IA-VT Colorful Song Pack	サナトリウム	Sanatorium	Shinokura			missing
pending	mod:IA-VT Colorful Song Pack	影炎≒Variation	Kagerou≒Variation	Yairi			missing
pending	mod:IA-VT Colorful Song Pack	ページェント ～for a GLORY～	Pageant -For a Glory-	Mito			missing
pending	mod:IA-VT Colorful Song Pack	クラウドライダー	Cloud Rider	Hayato Tanaka			missing
pending	mod:Retro Charts	[PD1] その一秒スローモーション	[PD1] That One Second in Slow Motion	ryo			missing
pending	mod:Retro Charts	[PD1] ひねくれ者	[PD1] Jaded	ryo			missing
pending	mod:Retro Charts	[PD1] 雨のちSweet*Drops	[PD1] Rain With A Chance of Sweet*Drops	OSTER project			missing
pending	mod:Retro Charts	[PD1] Dreaming Leaf -ユメミルコトノハ-	[PD1] Dreaming Leaf	OSTER project			missing
pending	mod:Retro Charts	[PD1/PD2] 荒野と森と魔法の歌	[PD1/PD2] A Song of Wastelands, Forests, and Magic	トラボルタ			missing
pending	mod:Retro Charts	[PD1/PD2] いのちの歌	[PD1/PD2] Song of Life	トラボルタ			missing
pending	mod:Retro Charts	[PD1/PD2] みくみく菌にご注意♪	[PD1/PD2] Beware of the Miku Miku Germs♪	はやや			missing
pending	mod:Retro Charts	[PD1/PD2] 天鵞絨アラベスク	[PD1/PD2] Velvet Arabesque	畑 亜貴			missing
pending	mod:Retro Charts	[PD1/PD2] ラブリスト更新中？	[PD1/PD2] Updating My Love List?	畑 亜貴			missing
pending	mod:Retro Charts	[PD1/PDe] 金の聖夜霜雪に朽ちて	[PD1/PDe] Requiem for the Phantasma	デッドボールP			missing
pending	mod:Retro Charts	[PD2] 巨大少女	[PD2] Gigantic Girl	40mP			missing
pending	mod:Retro Charts	[PDe] 炉心融解	[PDe] Roshin Yukai	iroha(sasaki)			missing
pending	mod:Retro Charts	[PD2] クローバー・クラブ	[PD2] Clover♣Club	ゆうゆ			missing
pending	mod:Retro Charts	[PD2] ほんとは分かってる	[PD2] I Really Do Understand	フナコシP			missing
pending	mod:Retro Charts	[PDe] 孤独の果て -extend edition-	[PDe] Solitude's End -extend edition-	光収容			missing
pending	mod:Retro Charts	[PDe] 忘却心中	[PDe] Lover's Suicide Oblivion	OPA			missing
pending	mod:Retro Charts	[PDe] タイムリミット	[PDe] Time Limit	North-T			missing
pending	mod:Retro Charts	[PDe] いろは唄	[PDe] Iroha Uta	銀サク			missing
pending	mod:Retro Charts	[PDe] 右肩の蝶 -39's Giving Day Edition-	[PDe] Butterfly on Your Right Shoulder -39's Giving Day Edition-	のりぴー			missing
pending	mod:Doatz Song Pack	名を冠する者たち	You Will Know Our Names	工藤ともり, 平松建治, 山中ちこ			missing
pending	mod:Doatz Song Pack	戦闘！伝説のポケモン	Battle! Legendary - BW/B2W2	増田順一			missing
pending	mod:Dystoria's Song Pack	勇気のReason (Ado Ver.)	Yuuki no Reason (Ado Ver.)	Ado			missing
pending	mod:Dystoria's Song Pack	トネリコレジスタンス	The Resistance	UmikazeTaiyou			missing
pending	mod:Dystoria's Song Pack	レーテー	Lethe	Aira			missing
pending	mod:Dystoria's Song Pack	つれづれどうじ	Wandering Youth	UmikazeTaiyou			missing
pending	mod:Dystoria's Song Pack	フィナーレをあなたに。	Finale for You	Aira			missing
pending	mod:Dystoria's Song Pack	ほぼ水の泡	Cheers Beer	Sheena Ringo			missing
pending	mod:Dystoria's Song Pack	御掃除しましょ	Let's clean up	虻瀬犬			missing
pending	mod:Dystoria's Song Pack	ムーンライト・フィナーレ	Moonlight Finale	ヤマギシコージ			missing
needs_review	base	ワールドイズマイン	The World is Mine	ryo	世界第一公主殿下	世界第一公主殿下	copied from embedded base_song_db name_zh; needs community review
needs_review	dlc	その一秒スローモーション	That One Second in Slow Motion	ryo	那一秒的慢动作	那一秒的慢动作	copied from embedded base_song_db name_zh; needs community review
needs_review	dlc	ひねくれ者	Jaded	ryo	别扭的人	别扭的人	copied from embedded base_song_db name_zh; needs community review
needs_review	dlc	メルト	Melt	ryo	融化	融化	copied from embedded base_song_db name_zh; needs community review
needs_review	dlc	Far Away	Far Away	kz	Far Away	Far Away	fallback to embedded base_song_db original title; needs community review
needs_review	base	Star Story	Star Story	kz	星之故事	星之故事	copied from embedded base_song_db name_zh; needs community review
needs_review	base	Last Night, Good Night	Last Night, Good Night	kz	Last Night, Good Night	Last Night, Good Night	fallback to embedded base_song_db original title; needs community review
needs_review	base	Packaged	Packaged	kz	Packaged	Packaged	fallback to embedded base_song_db original title; needs community review
needs_review	dlc	雨のちSweet*Drops	Rain With A Chance of Sweet*Drops	OSTER project	雨后 Sweet*Drops	雨后 Sweet*Drops	copied from embedded base_song_db name_zh; needs community review
needs_review	base	マージナル	Marginal	OSTER project	边缘	边缘	copied from embedded base_song_db name_zh; needs community review
needs_review	base	ミラクルペイント	Miracle Paint	OSTER project	奇迹画笔	奇迹画笔	copied from embedded base_song_db name_zh; needs community review
needs_review	dlc	Dreaming Leaf -ユメミルコトノハ-	Dreaming Leaf	OSTER project	Dreaming Leaf -梦见的言语-	Dreaming Leaf -梦见的言语-	copied from embedded base_song_db name_zh; needs community review
needs_review	dlc	荒野と森と魔法の歌	A Song of Wastelands, Forests, and Magic	トラボルタ	荒野、森林与魔法之歌	荒野、森林与魔法之歌	copied from embedded base_song_db name_zh; needs community review
needs_review	dlc	いのちの歌	Song of Life	トラボルタ	生命之歌	生命之歌	copied from embedded base_song_db name_zh; needs community review
needs_review	dlc	moon	moon	iroha(sasaki)	moon	moon	fallback to embedded base_song_db original title; needs community review
needs_review	dlc	みくみく菌にご注意♪	Beware of the Miku Miku Germs♪	はやや	小心 Miku Miku 菌♪	小心 Miku Miku 菌♪	copied from embedded base_song_db name_zh; needs community review
needs_review	base	The secret garden	The secret garden	神前 暁	秘密花园	秘密花园	copied from embedded base_song_db name_zh; needs community review
needs_review	dlc	Dear cocoa girls	Dear cocoa girls	神前 暁	Dear cocoa girls	Dear cocoa girls	fallback to embedded base_song_db original title; needs community review
needs_review	dlc	天鵞絨アラベスク	Velvet Arabesque	畑 亜貴	天鹅绒阿拉伯风	天鹅绒阿拉伯风	copied from embedded base_song_db name_zh; needs community review
needs_review	dlc	ラブリスト更新中？	Updating My Love List?	畑 亜貴	恋爱清单更新中？	恋爱清单更新中？	copied from embedded base_song_db name_zh; needs community review
needs_review	base	みくみくにしてあげる♪【してやんよ】	I'll Miku-Miku You♪ (For Reals)	ika_mo	把你给 MikuMiku 掉♪【给我变成那样吧】	把你给 MikuMiku 掉♪【给我变成那样吧】	copied from embedded base_song_db name_zh; needs community review
needs_review	dlc	金の聖夜霜雪に朽ちて	Requiem for the Phantasma	デッドボールP	金色圣夜霜雪中朽去	金色圣夜霜雪中朽去	copied from embedded base_song_db name_zh; needs community review
needs_review	base	えれくとりっく・えんじぇぅ	Electric Angel	ヤスオ	电子天使	电子天使	copied from embedded base_song_db name_zh; needs community review
needs_review	base	初めての恋が終わる時	When First Love Ends	ryo	初恋结束时	初恋结束时	copied from embedded base_song_db name_zh; needs community review
needs_review	base	こっち向いて Baby	Look This Way, Baby	ryo	看向这边 Baby	看向这边 Baby	copied from embedded base_song_db name_zh; needs community review
needs_review	base	Yellow	Yellow	kz	Yellow	Yellow	fallback to embedded base_song_db original title; needs community review
needs_review	base	カラフル×メロディ	Colorful × Melody	doriko	Colorful × Melody	Colorful × Melody	fallback to embedded base_song_db English title; needs community review
needs_review	base	初音ミクの激唱	The Intense Voice of Hatsune Miku	Storyteller	初音未来的激唱	初音未来的激唱	copied from embedded base_song_db name_zh; needs community review
needs_review	base	magnet	Magnet	minato	magnet	magnet	fallback to embedded base_song_db original title; needs community review
needs_review	base	Dear	Dear	19-iku-	Dear	Dear	fallback to embedded base_song_db original title; needs community review
needs_review	base	from Y to Y	from Y to Y	ジミーサムP	from Y to Y	from Y to Y	fallback to embedded base_song_db original title; needs community review
needs_review	base	愛言葉	Aikotoba	DECO*27	爱言叶	爱言叶	copied from embedded base_song_db name_zh; needs community review
needs_review	base	VOiCE -DIVA　MIX-	VOiCE -DIVA　MIX-	ラヴリーP	VOiCE -DIVA MIX-	VOiCE -DIVA MIX-	copied from embedded base_song_db name_zh; needs community review
needs_review	base	巨大少女	Gigantic Girl	40mP	巨大少女	巨大少女	fallback to embedded base_song_db original title; needs community review
needs_review	base	炉心融解	Roshin Yukai	iroha(sasaki)	炉心融解	炉心融解	fallback to embedded base_song_db original title; needs community review
needs_review	base	ココロ	Kokoro	トラボルタ	心	心	copied from embedded base_song_db name_zh; needs community review
needs_review	base	ダブルラリアット	Double Lariat	アゴアニキ	双重套索	双重套索	copied from embedded base_song_db name_zh; needs community review
needs_review	base	Change me	Change Me	shu-t	Change me	Change me	fallback to embedded base_song_db original title; needs community review
needs_review	base	クローバー・クラブ	Clover♣Club	ゆうゆ	Clover♣Club	Clover♣Club	fallback to embedded base_song_db English title; needs community review
needs_review	base	Promise	Promise	samfree	Promise	Promise	fallback to embedded base_song_db original title; needs community review
needs_review	dlc	ほんとは分かってる	I Really Do Understand	フナコシP	其实我明白	其实我明白	copied from embedded base_song_db name_zh; needs community review
needs_review	dlc	Innocence	Innocence	KazuP	Innocence	Innocence	fallback to embedded base_song_db original title; needs community review
needs_review	base	Just Be Friends	Just Be Friends	Dixie Flatline	Just Be Friends	Just Be Friends	fallback to embedded base_song_db original title; needs community review
needs_review	dlc	金の聖夜霜雪に朽ちて（extend版)	Requiem for the Phantasma	デッドボールP	金色圣夜霜雪中朽去（extend版）	金色圣夜霜雪中朽去（extend版）	copied from embedded base_song_db name_zh; needs community review
needs_review	base	SPiCa -39's Giving Day Edition-	SPiCa -39's Giving Day Edition-	とく	SPiCa -39's Giving Day Edition-	SPiCa -39's Giving Day Edition-	fallback to embedded base_song_db original title; needs community review
needs_review	base	歌に形はないけれど	Though My Song Has No Form	doriko	虽然歌声无形	虽然歌声无形	copied from embedded base_song_db name_zh; needs community review
needs_review	base	裏表ラバーズ	Two-Sided Lovers	wowaka	里表情人	里表情人	copied from embedded base_song_db name_zh; needs community review
needs_review	dlc	那由他の彼方まで	To the End of Infinity	釣り師P	直到那由他的彼方	直到那由他的彼方	copied from embedded base_song_db name_zh; needs community review
needs_review	base	孤独の果て -extend edition-	Solitude's End -extend edition-	光収容	孤独的尽头 -extend edition-	孤独的尽头 -extend edition-	copied from embedded base_song_db name_zh; needs community review
needs_review	base	Palette	Palette	ゆよゆっぺ/meola	Palette	Palette	fallback to embedded base_song_db original title; needs community review
needs_review	base	千年の独奏歌 (DIVA edit)	Thousand Year Solo (DIVA Edit)	yanagi	千年独奏歌 (DIVA edit)	千年独奏歌 (DIVA edit)	copied from embedded base_song_db name_zh; needs community review
needs_review	base	忘却心中	Lover's Suicide Oblivion	OPA	忘却心中	忘却心中	fallback to embedded base_song_db original title; needs community review
needs_review	base	結んで開いて羅刹と骸	Close and Open, Demons and The Dead	ハチ	结起打开罗刹与骸	结起打开罗刹与骸	copied from embedded base_song_db name_zh; needs community review
needs_review	base	ローリンガール	Rolling Girl	wowaka	Rolling Girl	Rolling Girl	fallback to embedded base_song_db English title; needs community review
needs_review	base	Starduster	Starduster	ジミーサムP	Starduster	Starduster	fallback to embedded base_song_db original title; needs community review
needs_review	base	パラジクロロベンゼン	Paradichlorobenzene	オワタP	对二氯苯	对二氯苯	copied from embedded base_song_db name_zh; needs community review
needs_review	base	番凩	Wintry Winds	hinayukki@仕事してP	番凩	番凩	fallback to embedded base_song_db original title; needs community review
needs_review	base	積乱雲グラフィティ	Sekiranun Graffiti	ryo	积雨云涂鸦	积雨云涂鸦	copied from embedded base_song_db name_zh; needs community review
needs_review	dlc	Magical Sound Shower	Magical Sound Shower	HIRO	Magical Sound Shower	Magical Sound Shower	fallback to embedded base_song_db original title; needs community review
needs_review	base	AFTER BURNER	AFTER BURNER	HIRO	AFTER BURNER	AFTER BURNER	fallback to embedded base_song_db original title; needs community review
needs_review	base	LIKE THE WIND	LIKE THE WIND	HIRO	LIKE THE WIND	LIKE THE WIND	fallback to embedded base_song_db original title; needs community review
needs_review	base	StargazeR	StargazeR	骨盤P	StargazeR	StargazeR	fallback to embedded base_song_db original title; needs community review
needs_review	dlc	孤独の果て	Solitude's End	光収容	孤独的尽头	孤独的尽头	copied from embedded base_song_db name_zh; needs community review
needs_review	dlc	タイムリミット	Time Limit	North-T	时间限制	时间限制	copied from embedded base_song_db name_zh; needs community review
needs_review	dlc	Holy Star -2010 DIVA mix-	Holy Star -2010 DIVA mix-	Kouhei (K's Sound Project)	Holy Star -2010 DIVA mix-	Holy Star -2010 DIVA mix-	fallback to embedded base_song_db original title; needs community review
needs_review	dlc	melody...	melody...	mikuru396	melody...	melody...	fallback to embedded base_song_db original title; needs community review
needs_review	dlc	迷的サイバネティックス	Meiteki Cybernetics	otetsu	迷的控制论	迷的控制论	copied from embedded base_song_db name_zh; needs community review
needs_review	dlc	ピンクムーン	Pink Moon	もじょP	粉红月亮	粉红月亮	copied from embedded base_song_db name_zh; needs community review
needs_review	dlc	透明水彩	Transparent Watercolors	ヤスオ	透明水彩	透明水彩	fallback to embedded base_song_db original title; needs community review
needs_review	dlc	いろは唄	Iroha Uta	銀サク	伊吕波歌	伊吕波歌	copied from embedded base_song_db name_zh; needs community review
needs_review	base	ルカルカ★ナイトフィーバー	Luka Luka ★ Night Fever	samfree	Luka Luka★Night Fever	Luka Luka★Night Fever	copied from embedded base_song_db name_zh; needs community review
needs_review	dlc	右肩の蝶 -39's Giving Day Edition-	Butterfly on Your Right Shoulder -39's Giving Day Edition-	のりぴー	右肩之蝶 -39's Giving Day Edition-	右肩之蝶 -39's Giving Day Edition-	copied from embedded base_song_db name_zh; needs community review
needs_review	base	Leia	Leia	ゆよゆっぺ	Leia	Leia	fallback to embedded base_song_db original title; needs community review
needs_review	dlc	千本桜	Senbonzakura	黒うさＰ (WhiteFlame)	千本樱	千本樱	copied from embedded base_song_db name_zh; needs community review
needs_review	base	深海少女	Deep Sea Girl	ゆうゆ	深海少女	深海少女	fallback to embedded base_song_db original title; needs community review
needs_review	dlc	アウト オブ エデン	Out of Eden	Kouhei (K's Sound Project)	Out of Eden	Out of Eden	fallback to embedded base_song_db English title; needs community review
needs_review	base	Rosary Pale	Rosary Pale	新城P	苍白玫瑰经	苍白玫瑰经	copied from embedded base_song_db name_zh; needs community review
needs_review	base	on the rocks	On The Rocks	OSTER project	on the rocks	on the rocks	fallback to embedded base_song_db original title; needs community review
needs_review	base	No Logic	No Logic	ジミーサムP	No Logic	No Logic	fallback to embedded base_song_db original title; needs community review
needs_review	base	39	39	sasakure.UK	39	39	fallback to embedded base_song_db original title; needs community review
needs_review	dlc	ふたりで。	The Two of Us - Futaride	ねこぼーろ	两个人。	两个人。	copied from embedded base_song_db name_zh; needs community review
needs_review	dlc	ルシッドドリーミング	Lucid Dreaming	くぇ（ナイーヴP）	清醒梦	清醒梦	copied from embedded base_song_db name_zh; needs community review
needs_review	dlc	Absolunote	Absolunote	Lemm	Absolunote	Absolunote	fallback to embedded base_song_db original title; needs community review
needs_review	base	SING＆SMILE	SING&SMILE	Re:nG	SING&SMILE	SING&SMILE	fallback to embedded base_song_db English title; needs community review
needs_review	base	1/6 -out of the gravity-	1/6 -out of the gravity-	ぼーかりおどP(noa)	1/6 -脱离重力-	1/6 -脱离重力-	copied from embedded base_song_db name_zh; needs community review
needs_review	base	PIANO*GIRL	PIANO*GIRL	OSTER project	PIANO*GIRL	PIANO*GIRL	fallback to embedded base_song_db original title; needs community review
needs_review	base	LOL -lots of laugh-	LOL -lots of laugh-	KeN	LOL -lots of laugh-	LOL -lots of laugh-	fallback to embedded base_song_db original title; needs community review
needs_review	base	shake it！	shake it!	emon(Tes.)	shake it！	shake it！	fallback to embedded base_song_db original title; needs community review
needs_review	base	1925	1925	T-POCKET	1925	1925	fallback to embedded base_song_db original title; needs community review
needs_review	base	Catch the Wave	Catch the Wave	kz	Catch the Wave	Catch the Wave	fallback to embedded base_song_db original title; needs community review
needs_review	base	劣等上等	BRING IT ON	Giga	劣等上等	劣等上等	fallback to embedded base_song_db original title; needs community review
needs_review	dlc	片想いサンバ	One-Sided Love Samba	オワタP	单相思桑巴	单相思桑巴	copied from embedded base_song_db name_zh; needs community review
needs_review	dlc	サヨナラ・グッバイ	Sayonara, Goodbye	のぼる↑	再见·Goodbye	再见·Goodbye	copied from embedded base_song_db name_zh; needs community review
needs_review	dlc	崩壊歌姫 -disruptive diva-	Disruptive Diva	マチゲリータ	崩坏歌姬 -disruptive diva-	崩坏歌姬 -disruptive diva-	copied from embedded base_song_db name_zh; needs community review
needs_review	dlc	ZIGG-ZAGG	ZIGG-ZAGG	Junky	ZIGG-ZAGG	ZIGG-ZAGG	fallback to embedded base_song_db original title; needs community review
needs_review	dlc	ナイトメア☆パーティーナイト	Nightmare ☆ Party Night	くちばし	Nightmare☆Party Night	Nightmare☆Party Night	copied from embedded base_song_db name_zh; needs community review
needs_review	dlc	恋ノート////	Love's note	ジェバンニP+ハットリP	恋爱笔记////	恋爱笔记////	copied from embedded base_song_db name_zh; needs community review
needs_review	dlc	SYMPHONIC DIVE - DIVA FT edit -	SYMPHONIC DIVE - DIVA FT edit -	Re:nG	SYMPHONIC DIVE - DIVA FT edit -	SYMPHONIC DIVE - DIVA FT edit -	fallback to embedded base_song_db original title; needs community review
needs_review	dlc	どうしてこうなった	How'd It Get To Be Like This?	うどんゲルゲ	为什么会变成这样	为什么会变成这样	copied from embedded base_song_db name_zh; needs community review
needs_review	dlc	オオカミガール	Wolf Girl	くらP	狼女孩	狼女孩	copied from embedded base_song_db name_zh; needs community review
needs_review	dlc	Starlite★Lydian	Starlite★Lydian	Masaki	Starlite★Lydian	Starlite★Lydian	fallback to embedded base_song_db original title; needs community review
needs_review	dlc	ペリコ・スペースシッパー	Perico Space Shipper	ワンカップP	Perico Space Shipper	Perico Space Shipper	fallback to embedded base_song_db English title; needs community review
needs_review	dlc	マスターオブパペッツ	Master of Puppets	デスおはぎ	木偶大师	木偶大师	copied from embedded base_song_db name_zh; needs community review
needs_review	dlc	Pane dhiria	Pane dhiria	新城P	Pane dhiria	Pane dhiria	fallback to embedded base_song_db original title; needs community review
needs_review	dlc	ほしをつくるひと	The Star Maker	MazoP	造星之人	造星之人	copied from embedded base_song_db name_zh; needs community review
needs_review	dlc	So much loving you★ -DIVA Edit-	So Much Loving You★ -DIVA Edit-	古墳P	So much loving you★ -DIVA Edit-	So much loving you★ -DIVA Edit-	fallback to embedded base_song_db original title; needs community review
needs_review	dlc	ジュゲムシーケンサー	Jugemu Sequencer	ぼーかりおどP（noa）	寿限无音序器	寿限无音序器	copied from embedded base_song_db name_zh; needs community review
needs_review	dlc	さあ、どっち？	Now Choose	ひなた春花	来吧，选哪边？	来吧，选哪边？	copied from embedded base_song_db name_zh; needs community review
needs_review	dlc	イヤイヤ星人	Iya Iya Seijin	イヤイヤP	讨厌讨厌星人	讨厌讨厌星人	copied from embedded base_song_db name_zh; needs community review
needs_review	dlc	Equation+**	Equation+**	ぽわぽわP	Equation+**	Equation+**	fallback to embedded base_song_db original title; needs community review
needs_review	dlc	嘘つきベティ	Betty The Liar	PolyphonicBranch	说谎的贝蒂	说谎的贝蒂	copied from embedded base_song_db name_zh; needs community review
needs_review	dlc	数多の舞 -Dance of many-	Dance of Many	koushirou（卑屈P）	数多之舞 -Dance of many-	数多之舞 -Dance of many-	copied from embedded base_song_db name_zh; needs community review
needs_review	dlc	迷子ライフ	maigo life	TOKOTOKO（西沢さんP）	迷路人生	迷路人生	copied from embedded base_song_db name_zh; needs community review
needs_review	dlc	ハイスクール Days - DIVA EDIT	High School Days - DIVA EDIT	U-ji（霊長類P）	High School Days - DIVA EDIT	High School Days - DIVA EDIT	fallback to embedded base_song_db English title; needs community review
needs_review	dlc	そいやっさぁ!!	Soiyassa!!	囚人P	嘿呀呀!!	嘿呀呀!!	copied from embedded base_song_db name_zh; needs community review
needs_review	dlc	break;down	break;down	hmtk	break;down	break;down	fallback to embedded base_song_db original title; needs community review
needs_review	dlc	花舞月詠譚	Hanamai Tsukuyomi Tan	Hoskey	花舞月咏谭	花舞月咏谭	copied from embedded base_song_db name_zh; needs community review
needs_review	dlc	フランシスカ	Francisca	ぢゅ＠メラゾーマP	Francisca	Francisca	fallback to embedded base_song_db English title; needs community review
needs_review	dlc	悠久-Song of Eternity-DIVAMIX-	Song of Eternity -DIVAMIX-	てぃあら	悠久 -Song of Eternity- DIVAMIX-	悠久 -Song of Eternity- DIVAMIX-	copied from embedded base_song_db name_zh; needs community review
needs_review	dlc	slump	slump	しばいぬ	slump	slump	fallback to embedded base_song_db original title; needs community review
needs_review	dlc	Gothic and Loneliness 〜I'm the very DIVA〜	Gothic and Loneliness ～I'm the very DIVA～	なるしまたかし	Gothic and Loneliness ～I'm the very DIVA～	Gothic and Loneliness ～I'm the very DIVA～	fallback to embedded base_song_db English title; needs community review
needs_review	dlc	唐傘さんが通る	Here Comes Karakasa-san	イヤイヤP	唐伞先生经过	唐伞先生经过	copied from embedded base_song_db name_zh; needs community review
needs_review	dlc	おはヨーデル (Oha-Yo-del!!)	Oha-Yo-del!!	爆弾ポピー	早安约德尔 (Oha-Yo-del!!)	早安约德尔 (Oha-Yo-del!!)	copied from embedded base_song_db name_zh; needs community review
needs_review	dlc	月向うまでのトラベル	Travel to The Other Side of The Moon	vilP	到月亮彼端的旅行	到月亮彼端的旅行	copied from embedded base_song_db name_zh; needs community review
needs_review	dlc	ブラックノートに溺れさせて	Let Me Lose Myself in The Black Note	Shun13	让我沉溺于黑色音符	让我沉溺于黑色音符	copied from embedded base_song_db name_zh; needs community review
needs_review	dlc	ステップフォワード	Step Forward	Chesa	Step Forward	Step Forward	fallback to embedded base_song_db English title; needs community review
needs_review	dlc	キミに	Kimi Ni	teaeye	给你	给你	copied from embedded base_song_db name_zh; needs community review
needs_review	dlc	ナイト・オブ・ライト	Knight of Light	いーえるP @ TinySymphony	光之骑士	光之骑士	copied from embedded base_song_db name_zh; needs community review
needs_review	dlc	Mellow Yellow	Mellow Yellow	めりっさP	Mellow Yellow	Mellow Yellow	fallback to embedded base_song_db original title; needs community review
needs_review	dlc	ぎずも	Gizmo	uguis08	Gizmo	Gizmo	fallback to embedded base_song_db English title; needs community review
needs_review	dlc	偶像無線(Game edit)	Idol Radio (Game Edit)	Daisuke Ohnuma(大福P)	偶像无线(Game edit)	偶像无线(Game edit)	copied from embedded base_song_db name_zh; needs community review
needs_review	base	Fire◎Flower	Fire◎Flower	halyosy	Fire◎Flower	Fire◎Flower	fallback to embedded base_song_db original title; needs community review
needs_review	base	DYE	DYE	AVTechNO!	DYE	DYE	fallback to embedded base_song_db original title; needs community review
needs_review	base	秘密警察	Secret Police	ぶりる	秘密警察	秘密警察	fallback to embedded base_song_db original title; needs community review
needs_review	base	神曲	God-Tier Tune	おにゅうP	神曲	神曲	fallback to embedded base_song_db original title; needs community review
needs_review	base	ACUTE	ACUTE	黒うさ	ACUTE	ACUTE	fallback to embedded base_song_db original title; needs community review
needs_review	dlc	鏡音八八花合戦	Kagamine HachiHachi Flower Fight	モジャP	镜音八八花合战	镜音八八花合战	copied from embedded base_song_db name_zh; needs community review
needs_review	base	Nostalogic	Nostalogic	yuukiss	Nostalogic	Nostalogic	fallback to embedded base_song_db original title; needs community review
needs_review	base	Stay with me	Stay with me	shu-t	Stay with me	Stay with me	fallback to embedded base_song_db original title; needs community review
needs_review	base	Sadistic.Music∞Factory	Sadistic.Music∞Factory	cosMo＠暴走P	Sadistic.Music∞Factory	Sadistic.Music∞Factory	fallback to embedded base_song_db original title; needs community review
needs_review	base	ODDS&ENDS	Odds & Ends	ryo	ODDS&ENDS	ODDS&ENDS	fallback to embedded base_song_db original title; needs community review
needs_review	base	Weekender Girl	Weekender Girl	八王子P	Weekender Girl	Weekender Girl	fallback to embedded base_song_db original title; needs community review
needs_review	base	WORLD'S END UMBRELLA	World's End Umbrella	ハチ	WORLD'S END UMBRELLA	WORLD'S END UMBRELLA	fallback to embedded base_song_db original title; needs community review
needs_review	base	FREELY TOMORROW	Freely Tomorrow	Mitchie M	FREELY TOMORROW	FREELY TOMORROW	fallback to embedded base_song_db original title; needs community review
needs_review	base	Tell Your World	Tell Your World	kz	Tell Your World	Tell Your World	fallback to embedded base_song_db original title; needs community review
needs_review	base	Sweet Devil	Sweet Devil	八王子P	Sweet Devil	Sweet Devil	fallback to embedded base_song_db original title; needs community review
needs_review	base	erase or zero	Erase or Zero	クリスタルP	erase or zero	erase or zero	fallback to embedded base_song_db original title; needs community review
needs_review	base	Hello, Worker	Hello, Worker	KEI	Hello, Worker	Hello, Worker	fallback to embedded base_song_db original title; needs community review
needs_review	base	Knife	Knife	れるりり	Knife	Knife	fallback to embedded base_song_db original title; needs community review
needs_review	base	soundless voice	Soundless Voice	ひとしずくP	soundless voice	soundless voice	fallback to embedded base_song_db original title; needs community review
needs_review	base	Blackjack	Blackjack	ゆちゃＰ	Blackjack	Blackjack	fallback to embedded base_song_db original title; needs community review
needs_review	base	DECORATOR	Decorator	kz	DECORATOR	DECORATOR	fallback to embedded base_song_db original title; needs community review
needs_review	base	Glory 3usi9	Glory 3usi9	ナノウ	Glory 3usi9	Glory 3usi9	fallback to embedded base_song_db original title; needs community review
needs_review	base	Hand in Hand	Hand in Hand	kz	Hand in Hand	Hand in Hand	fallback to embedded base_song_db original title; needs community review
needs_review	official	Far Away	Far Away	kz	Far Away	Far Away	2026-09-07 官方曲目核对；保留现有原题或英文名。世嘉简中官网Extra Song Pack表明确列Far Away／kz：https://asia.sega.com/mega39splus/cn/；实读B站全曲歌单也使用Far Away：https://www.bilibili.com/video/BV1Xx411B71s/ 。未核实稳定中文惯用题名。 不把英文词义直译当作中文惯用曲名，暂保留原题。
verified	community	Last Night, Good Night	Last Night, Good Night	kz	Last Night, Good Night	Last Night, Good Night	2026-09-07 官方曲目核对；保留现有原题或英文名。萌娘百科歌曲名称及简介均使用Last Night, Good Night，并明确作者kz；正文通过https://r.jina.ai/https://zh.moegirl.org.cn/Last_Night,_Good_Night 实际读取，原页https://zh.moegirl.org.cn/Last_Night,_Good_Night 。世嘉简中歌单同样保留该英文名：https://asia.sega.com/mega39splus/cn/ 。 中文社区及官方简中页面均以英文原题识别；不杜撰最后一夜、晚安等替代主名。
verified	community	Packaged	Packaged	kz	Packaged	Packaged	2026-09-07 官方曲目核对；保留现有原题或英文名。巴哈姆特Cilde页面相关创作区实际列出【初音ミク】Packaged：https://home.gamer.com.tw/artwork.php?sn=831463 ；B站FT歌单EX与EXEX均用Packaged：https://www.bilibili.com/video/BV1Xx411B71s/ ；世嘉简中表也使用Packaged：https://asia.sega.com/mega39splus/cn/ 。 已有长期中文社区原题用法，不硬译为包装等普通词。
needs_review	official	moon	moon	iroha(sasaki)	moon	moon	2026-09-07 官方曲目核对；保留现有原题或英文名。世嘉简中官网Extra Song Pack表列moon／iroha(sasaki)：https://asia.sega.com/mega39splus/cn/ ；B站完整FT歌单以Moon标识：https://www.bilibili.com/video/BV1Xx411B71s/ 。本轮未找到可靠中文惯用名证据。 月亮只是可能的字面译法，保留原题小写moon。
needs_review	official	Dear cocoa girls	Dear cocoa girls	神前 暁	Dear cocoa girls	Dear cocoa girls	2026-09-07 官方曲目核对；保留现有原题或英文名。世嘉简中Extra Song Pack表列Dear cocoa girls，作曲神前暁、作词畑亜貴：https://asia.sega.com/mega39splus/cn/ ；B站全曲歌单也保留Dear cocoa girls：https://www.bilibili.com/video/BV1Xx411B71s/ 。没有核实可靠中文题名。 不擅自把cocoa girls解释为可可女孩并拼出译名。
verified	community	ファインダー(DSLR remix - re:edit)	Finder (DSLR remix - re:edit)	kz	观景窗(DSLR remix - re:edit)	观景窗(DSLR remix - re:edit)	2026-09-07 官方曲目核对；补全中文名。Cilde巴哈姆特原译明确说明ファインダー解释为觀景窗，并确认作者kz：https://home.gamer.com.tw/artwork.php?sn=831463 ；B站FT歌单两处直接列观景窗/ファインダー：https://www.bilibili.com/video/BV1Xx411B71s/ ；萌娘正文确认DIVA为DSLR remix-re edit版本：https://r.jina.ai/https://zh.moegirl.org.cn/Finder 。 实际证据稳定支持观景窗；取景器主要出现于搜索摘要或不确定标题，不冒充已核实主名。完整保留原版后缀(DSLR remix - re:edit)。
verified	official	Yellow	Yellow	kz	Yellow	Yellow	2026-09-07 官方曲目核对；保留现有原题或英文名。世嘉简中收录表明确列Yellow／kz：https://asia.sega.com/mega39splus/cn/ ；世嘉Future Sound曲目页同题同作者：https://miku.sega.jp/FT/song/futuresound.html ；实读萌娘Finder正文的livetune作品表也用Yellow：https://r.jina.ai/https://zh.moegirl.org.cn/Finder 。 保留可识别的官方及中文社区英文题名，不硬译黄色。
verified	community	カラフル×メロディ	Colorful × Melody	doriko	彩色旋律	彩色旋律	2026-09-07 官方曲目核对；补全中文名。B站实读视频标题为【鼻血姬&本宮麻里絵】彩色旋律【镜面反转】，简介写カラフルメロディ并指向本家watch/1278053154：https://www.bilibili.com/video/BV1Ws411S7H8/ ；萌娘正文确认同一本家ID就是カラフル×メロディ：https://r.jina.ai/https://zh.moegirl.org.cn/Colorful×Melody 。另有FT歌单用缤纷×旋律：https://www.bilibili.com/video/BV1Xx411B71s/ ，巴哈报道用色彩繽紛旋律：https://gnn.gamer.com.tw/detail.php?sn=83898 。 彩色旋律有真实中文社区标题与原曲ID对应，并非仅按英文直译；缤纷×旋律可作别名线索。
verified	community	magnet	Magnet	minato	magnet	magnet	2026-09-07 官方曲目核对；保留现有原题或英文名。萌娘正文以magnet为主名，明确minato及初音未来、巡音流歌，并说明DIVA收录：https://r.jina.ai/https://zh.moegirl.org.cn/Magnet （原页https://zh.moegirl.org.cn/Magnet）；世嘉简中表亦作magnet：https://asia.sega.com/mega39splus/cn/ 。 中文社区已有强识别性的英文原题，不以磁铁或其他解释性名称替代。
needs_review	official	Dear	Dear	19-iku-	Dear	Dear	2026-09-07 官方曲目核对；保留现有原题或英文名。世嘉简中表明确Dear／19-iku-：https://asia.sega.com/mega39splus/cn/ ；B站FT歌单多处使用Dear：https://www.bilibili.com/video/BV1Xx411B71s/ 。未核实稳定中文译名。 保留原题，避免将Dear机械译为亲爱的。
verified	community	from Y to Y	from Y to Y	ジミーサムP	from Y to Y	from Y to Y	2026-09-07 官方曲目核对；保留现有原题或英文名。萌娘正文以from Y to Y为主名，确认作者ジミーサムP，解释其Yさん三部作及题名来源：https://r.jina.ai/https://zh.moegirl.org.cn/From_Y_to_Y （原页https://zh.moegirl.org.cn/From_Y_to_Y）；世嘉简中表同名：https://asia.sega.com/mega39splus/cn/ 。 Y构成有作品背景的专门题名，不自行改写成从你到你等中文解释。
verified	community	ぽっぴっぽー	Po Pi Po	ラマーズP	蔬菜汁	蔬菜汁	2026-09-07 官方曲目核对；补全中文名。萌娘歌曲名称直接对应蔬菜汁／ぽっぴっぽー／PoPiPo，作者ラマーズP：https://r.jina.ai/https://zh.moegirl.org.cn/蔬菜汁 （原页https://zh.moegirl.org.cn/蔬菜汁）；B站FT歌单EX及EXEX均列蔬菜汁/ぽっぴっぽー：https://www.bilibili.com/video/BV1Xx411B71s/ 。 采用明确社区惯用名，替代仅罗马音的Po Pi Po。
needs_review	official	VOiCE -DIVA　MIX-	VOiCE -DIVA　MIX-	ラヴリーP	VOiCE -DIVA MIX-	VOiCE -DIVA MIX-	2026-09-07 官方曲目核对；保留现有原题或英文名。世嘉简中表以VOiCE -DIVA MIX-列出ラヴリーP曲目：https://asia.sega.com/mega39splus/cn/ ；B站FT歌单也保留VOiCE -DIVA MIX-：https://www.bilibili.com/video/BV1Xx411B71s/ 。未核实可靠中文惯用主名。 保留VOiCE及完整-DIVA　MIX-版本标记；name和name_zh保留分配原题中的全角空格，不用声音这种字面译法。
verified	official	Change me	Change Me	shu-t	Change me	Change me	2026-09-07 官方曲目核对；保留现有原题或英文名。世嘉简中官网对本曲有独立中文介绍，标题仍为Change me，作者shu-t，说明为MEIKO诞生祭2009所作：https://asia.sega.com/mega39splus/cn/ ；B站FT中日歌单亦直接用Change me：https://www.bilibili.com/video/BV1Xx411B71s/ 。 官方中文介绍和中文玩家歌单均保留英文，不硬译改变我。
needs_review	community	サウンド	Sound	baker	Sound	Sound	2026-09-07 官方曲目核对；保留现有原题或英文名。萌娘歌曲名称并列Sound与サウンド，明确作者baker：https://r.jina.ai/https://zh.moegirl.org.cn/Sound （原页https://zh.moegirl.org.cn/Sound）；B站FT歌单两处列Sound/サウンド：https://www.bilibili.com/video/BV1Xx411B71s/ 。实际读取页面未列中文惯用题名。 保留当前已通用的英文识别名Sound；不是新增中文译名，不将歌词中的声音直接升格为曲名。
verified	community	クローバー・クラブ	Clover♣Club	ゆうゆ	四叶草俱乐部	四叶草俱乐部	2026-09-07 官方曲目核对；补全中文名。B站中文字幕转载标题明确【初音ミク】四叶草•俱乐部【ゆうゆ】，简介作者及原视频yftUk8R1gwA可核对：https://www.bilibili.com/video/BV1dP411A7sJ/ 。同页音乐标签写クローバー クラブ（三叶草俱乐部）(Game Version)，FT歌单亦有三叶草俱乐部/クローバー♣クラブ：https://www.bilibili.com/video/BV1Xx411B71s/ 。 四叶草俱乐部、三叶草俱乐部均有实际社区用例；沿用分配数据内已有中文四叶草俱乐部，避免无必要更换。三叶草俱乐部适合别名，不把鸡尾酒词典当歌曲证据。
verified	community	Promise	Promise	samfree	Promise	Promise	2026-09-07 官方曲目核对；保留现有原题或英文名。萌娘Promise(samfree)歌曲名称、简介、DIVA关联都使用Promise：https://r.jina.ai/https://zh.moegirl.org.cn/Promise(samfree) （原页https://zh.moegirl.org.cn/Promise(samfree)）；B站FT歌单同名：https://www.bilibili.com/video/BV1Xx411B71s/ 。 所读中文社区正式歌曲介绍仍用英文；不将歌词中的约定或英文词义承诺当作已确立中文主名。
needs_review	official	Innocence	Innocence	KazuP	Innocence	Innocence	2026-09-07 官方曲目核对；保留现有原题或英文名。世嘉简中Extra Song Pack表明确Innocence／KazuP：https://asia.sega.com/mega39splus/cn/ ；世嘉Future Sound页亦同名同作者：https://miku.sega.jp/FT/song/futuresound.html ；B站FT歌单保留Innocence：https://www.bilibili.com/video/BV1Xx411B71s/ 。 未核实纯真、无邪等词成为本曲稳定惯用中文名，暂保留原题。
verified	community	Just Be Friends	Just Be Friends	Dixie Flatline	Just Be Friends	Just Be Friends	2026-09-07 官方曲目核对；保留现有原题或英文名。B站完整中文FT歌单EX与EXEX均保留Just Be Friends：https://www.bilibili.com/video/BV1Xx411B71s/ ；世嘉简中本体表明确同题、作者Dixie Flatline：https://asia.sega.com/mega39splus/cn/ 。 可识别且被中文玩家直接使用的英文题名；不为了增加汉字而替换为只是朋友。
verified	community	SPiCa -39's Giving Day Edition-	SPiCa -39's Giving Day Edition-	とく	麦穗星 -39's Giving Day Edition-	麦穗星 -39's Giving Day Edition-	2026-09-07 官方曲目核对；补全中文名。萌娘百科歌曲名称栏明确并列“麦穗星 / SPiCa”，作者为とくP；保留官方曲库的演出版后缀。https://zh.moegirl.org.cn/SPiCa 中文曲名有明确页面证据，原题和版本信息仍保留在原名、英文名及译名后缀中。
verified	community	パズル	Puzzle	クワガタP	拼图	拼图	2026-09-07 官方曲目核对；补全中文名。弹琴吧页面标题明确パズル（拼图，弹唱版），作曲者クワガタP并确认初音未来：https://www.tan8.com/yuepu-81955.html ；B站FT歌单直接列拼图/パズル：https://www.bilibili.com/video/BV1Xx411B71s/ 。 作者和日文原题均吻合，有独立中文社区题名证据；不是まふまふ的ジグソーパズル。
verified	community	Palette	Palette	ゆよゆっぺ/meola	Palette	Palette	2026-09-07 官方曲目核对；保留现有原题或英文名。实读萌娘准确歌曲条目Palette(巡音流歌)，歌曲名称及简介均用Palette，作者ゆよゆっぺ、曲绘meola并说明DIVA Extend收录：https://r.jina.ai/https://zh.moegirl.org.cn/Palette(巡音流歌) （原页https://zh.moegirl.org.cn/Palette(巡音流歌)）；B站FT歌单亦保留Palette：https://www.bilibili.com/video/BV1Xx411B71s/ 。 调色板只在消歧义页作为英语词义出现，具体歌曲条目甚至歌词仍用Palette，不能据此声称调色板是已核实惯用曲名。
verified	community	ローリンガール	Rolling Girl	wowaka	翻滚少女	翻滚少女	2026-09-07 官方曲目核对；补全中文名。萌娘完整正文歌曲名称明确并列ローリンガール／翻滚少女／Rolling Girl，演唱初音未来、作者wowaka：https://r.jina.ai/https://zh.moegirl.org.cn/Rolling_Girl （原页https://zh.moegirl.org.cn/Rolling_Girl）。 采用已实际读取的百科中文题名翻滚少女。滚动女孩虽为检索线索，但本轮读取的明确主名是翻滚少女，不以搜索摘要替代证据。
verified	community	Starduster	Starduster	ジミーサムP	Starduster	Starduster	2026-09-07 官方曲目核对；保留现有原题或英文名。萌娘歌曲名称及正文使用Starduster，确认ジミーサムP及DIVA Extend故事关联：https://r.jina.ai/https://zh.moegirl.org.cn/Starduster （原页https://zh.moegirl.org.cn/Starduster）；B站FT歌单使用starduster：https://www.bilibili.com/video/BV1Xx411B71s/ 。 中文社区具体歌曲介绍采用英文原题，不把星尘等字面联想当作惯用名。
needs_review	official	Magical Sound Shower	Magical Sound Shower	HIRO	Magical Sound Shower	Magical Sound Shower	2026-09-07 官方曲目核对；保留现有原题或英文名。世嘉简中Extra Song Pack表列Magical Sound Shower／HIRO：https://asia.sega.com/mega39splus/cn/ ；B站FT歌单EX和EXEX均沿用该英文名：https://www.bilibili.com/video/BV1Xx411B71s/ 。没有核实稳定中文曲名。 保留有官方和社区识别用例的原题，不自行组合魔法音浴等译名。
verified	official	AFTER BURNER	AFTER BURNER	HIRO	AFTER BURNER	AFTER BURNER	2026-09-07 官方曲目核对；保留现有原题或英文名。世嘉简中本体收录表完整使用AFTER BURNER／HIRO：https://asia.sega.com/mega39splus/cn/ ；B站FT中日歌单同样保持AFTER BURNER：https://www.bilibili.com/video/BV1Xx411B71s/ 。 保留SEGA曲目明确的英文专名与全大写样式，不以同名游戏可能的汉译替代音乐题名。
needs_review	official	LIKE THE WIND	LIKE THE WIND	HIRO	LIKE THE WIND	LIKE THE WIND	2026-09-07 官方曲目核对；保留现有原题或英文名。世嘉简中本体表列LIKE THE WIND／HIRO：https://asia.sega.com/mega39splus/cn/ ；B站FT歌单同名：https://www.bilibili.com/video/BV1Xx411B71s/ 。所读来源未提供可靠中文惯用主名。 如风、像风一样等只属可能字面译法，不据此新增中文名；完整保留全大写原题。
needs_review	community	StargazeR	StargazeR	骨盤P	StargazeR	StargazeR	2026-09-07 官方曲目核对；保留现有原题或英文名。已读取https://zh.moegirl.org.cn/StargazeR 的原始HTML：歌曲名称为Stargazer/StargazeR，作者骨盤P，正文区分2008年原版及重制StargazeR；共享B站歌单https://www.bilibili.com/video/BV1Xx411B71s/ 亦使用StargazeR。 未核实到可靠的中文惯用标题；不因英语词义直接改成观星者，保留重制版特有大写R。
needs_review	community	Holy Star -2010 DIVA mix-	Holy Star -2010 DIVA mix-	Kouhei (K's Sound Project)	Holy Star -2010 DIVA mix-	Holy Star -2010 DIVA mix-	2026-09-07 官方曲目核对；保留现有原题或英文名。经https://r.jina.ai/https://zh.moegirl.org.cn/Holy_Star 读取正文的2010 DIVA mix段，明确列出Holy Star -2010 DIVA mix-，并说明为DIVA收录版本；https://miku.sega.jp/FT/cht/song/ 官方繁中歌单同样使用此完整原名。 未核实中文惯用名，不硬译圣星；完整保留-2010 DIVA mix-版本后缀。
needs_review	community	melody...	melody...	mikuru396	melody...	melody...	2026-09-07 官方曲目核对；保留现有原题或英文名。经https://r.jina.ai/https://zh.moegirl.org.cn/Melody... 读取正文，歌曲名称melody...，作者mikuru396，与本曲相符；https://miku.sega.jp/FT/cht/song/ 也以melody...列出。 正文未提供中文标题；不把普通词义旋律当作惯用译名，保留小写及三个句点。
verified	community	カラフル×セクシィ	Colorful × Sexy	doriko	多彩×性感	多彩×性感	2026-09-07 官方曲目核对；补全中文名。经https://r.jina.ai/https://zh.moegirl.org.cn/初音未来_-歌姬计划-_Extend 读取收录歌曲表，第34项明确给出カラフル×セクシィ／Colorful×Sexy（多彩×性感），演唱巡音流歌、MEIKO；共享歌单https://www.bilibili.com/video/BV1Xx411B71s/ 另见彩色×性感对应同一日文名。 优先采用中文百科明确列出的多彩×性感，而不是搜索摘要自行推荐的缤纷×性感；保留乘号。彩色×性感可另作搜索别名。
needs_review	community	ルカルカ★ナイトフィーバー	Luka Luka ★ Night Fever	samfree	Luka Luka★Night Fever	Luka Luka★Night Fever	2026-09-07 官方曲目核对；保留现有原题或英文名。已读取https://zh.wikipedia.org/wiki/LukaLuka★NightFever ，百科仍使用罗马字标题；https://lyricstranslate.com/en/luka-lukanight-fever-lu-qia-lu-qia-de-ye-jian-kua.html 正文译题为卢卡-卢卡的夜间狂热。共享歌单https://www.bilibili.com/video/BV1Xx411B71s/ 亦使用LukaLuka★Nightfever。 发现单个歌词译者的中文译题，但不足以证明为中文社区稳定惯用名，且写法与搜索摘要不同；保留现有罗马字及★，不冒称卢卡卢卡★夜间狂热已获证实。
verified	community	Leia	Leia	ゆよゆっぺ	Leia	Leia	2026-09-07 官方曲目核对；保留现有原题或英文名。经https://r.jina.ai/https://zh.moegirl.org.cn/Leia 读取正文，歌曲名称Leia、作者ゆよゆっぺ；背景段说明作者称Leia是Lie的双关语。https://miku.sega.jp/FT/cht/song/ 官方繁中歌单同样使用Leia。 专名及双关标题应保留，音译或直译会削弱辨识度；不混入另有说明的Remind版本。
verified	community	ブラックゴールド	Black Gold	otetsu	黑金	黑金	2026-09-07 官方曲目核对；补全中文名。经https://r.jina.ai/https://zh.moegirl.org.cn/黑金 读取消歧义正文，黑金明确包括otetsu创作、巡音流歌演唱的Black Gold；https://r.jina.ai/https://zh.moegirl.org.cn/Black_Gold(otetsu) 核实原题ブラックゴールド及作者。共享歌单https://www.bilibili.com/video/BV1Xx411B71s/ 两处列黑金／ブラックゴールド。 中文百科与中文DIVA歌单互相支持，且已排除Guiano的同名歌曲。
needs_review	community	アウト オブ エデン	Out of Eden	Kouhei (K's Sound Project)	逃出伊甸	逃出伊甸	2026-09-07 官方曲目核对；补全中文名。已读共享歌单https://www.bilibili.com/video/BV1Xx411B71s/ 正文，EX Lv8分P标题为逃出伊甸／アウト オブ エデン；经https://r.jina.ai/https://zh.moegirl.org.cn/アウト_オブ_エデン 读取百科正文，仅列日文与Out Of Eden，作者Kouhei相符。 采用已读取的中文DIVA歌单译名；目前仅核实单一中文使用来源，标记待复核。
needs_review	community	on the rocks	On The Rocks	OSTER project	on the rocks	on the rocks	2026-09-07 官方曲目核对；保留现有原题或英文名。经https://r.jina.ai/https://zh.moegirl.org.cn/On_the_rocks 读取正文，以on the rocks介绍OSTER project曲目；酒中加冰出现于投稿文翻译，不是歌曲名称。共享歌单https://www.bilibili.com/video/BV1Xx411B71s/ 也使用on the rocks。 不把投稿文或鸡尾酒术语释义当成惯用中文曲名，保留原文小写。
needs_review	community	No Logic	No Logic	ジミーサムP	No Logic	No Logic	2026-09-07 官方曲目核对；保留现有原题或英文名。经https://r.jina.ai/https://zh.moegirl.org.cn/No_Logic 读取正文，明确使用No Logic并说明PV中的歌名为高亮文字，作者ジミーサムP；共享歌单https://www.bilibili.com/video/BV1Xx411B71s/ 同用No Logic。 未读取到无逻辑或毫无逻辑作为惯用标题的充分证据，暂不按词义硬译。
needs_review	community	キップル・インダストリー	Kipple Industry Inc.	millstones	无用产业	无用产业	2026-09-07 官方曲目核对；补全中文名。已读共享歌单https://www.bilibili.com/video/BV1Xx411B71s/ ，EXEX Lv9标题明确写无用产业／キップル インダストリー；官方https://miku.sega.jp/FT/cht/song/ 列原日文名。另尝试https://www.bilibili.com/video/BV11s411o7pM/ 与https://www.bilibili.com/video/BV1GA411s7Fw ，均遇验证码或412，未将其搜索摘要当证据。 采用已读取的中文DIVA歌单译名；目前仅核实单一中文使用来源，标记待复核。
verified	official	39	39	sasakure.UK	39	39	2026-09-07 官方曲目核对；保留现有原题或英文名。已读取https://miku.sega.jp/FT/cht/song/ ，39对应sasakure.UK、DECO*27，官方繁中页面仍明确写数字标题39。 数字标题本身是可识别曲名，不把谐音含义改作中文标题。
needs_review	community	Absolunote	Absolunote	Lemm	Absolunote	Absolunote	2026-09-07 官方曲目核对；保留现有原题或英文名。经https://r.jina.ai/https://zh.moegirl.org.cn/Absolunote 读取正文，名称Absolunote、作者Lemm；绝对之音仅出现在视频说明文译文中，未列为歌名。https://miku.sega.jp/FT/cht/song/ 也使用Absolunote。 造词标题辨识度高；不把说明文中的绝对之音擅升为社区惯用名。
needs_review	community	SING＆SMILE	SING&SMILE	Re:nG	SING&SMILE	SING&SMILE	2026-09-07 官方曲目核对；保留现有原题或英文名。经https://r.jina.ai/https://zh.moegirl.org.cn/SING%26SMILE 读取正文，歌曲名称SING＆SMILE、作者Re:nG；共享歌单https://www.bilibili.com/video/BV1Xx411B71s/ 使用SING&SMILE，均未给中文译题。 保留现有易检索英文形式；原始name仍保留全角＆，不凭字面硬译歌唱与微笑。
needs_review	community	システマティック・ラヴ	Systematic Love	かめりあ	Systematic Love	Systematic Love	2026-09-07 官方曲目核对；保留现有原题或英文名。已读共享歌单https://www.bilibili.com/video/BV1Xx411B71s/ ，明确列Systematic Love／システマティック・ラヴ；官方https://miku.sega.jp/FT/cht/song/ 使用日文原名。萌娘日文条目实际返回404，中文搜索仅给机器式译法线索，没有可用中文标题正文。 系统化的爱、程序式爱情、系统之恋均未获惯用名证据，不从搜索摘要任选一项。
verified	community	インタビュア	Interviewer	クワガタP	心境探访	心境探访	2026-09-07 官方曲目核对；补全中文名。经https://r.jina.ai/https://zh.moegirl.org.cn/Interviewer 读取正文，信息框列心境探访，首段明确写インタビュア（Interviewer，常译作心境探访），作者クワガタP并有DIVA收录说明。 使用正文明确说明的常见译名；排除搜索摘要凭词义给出的采访者或访谈者。
verified	community	アゲアゲアゲイン	Ageage Again	Mitchie M	再次再次沸腾	再次再次沸腾	2026-09-07 官方曲目核对；补全中文名。经https://r.jina.ai/https://zh.moegirl.org.cn/アゲアゲアゲイン 读取正文，页面标题和歌曲名称均列再次再次沸腾，作者Mitchie M；共享歌单https://www.bilibili.com/video/BV1Xx411B71s/ 同列再次再次沸腾／アゲアゲアゲイン。 中文百科和DIVA玩家歌单一致，采用惯用意译而不是罗马音。
verified	community	PIANO*GIRL	PIANO*GIRL	OSTER project	钢琴*女孩	钢琴*女孩	2026-09-07 官方曲目核对；补全中文名。经https://r.jina.ai/https://zh.moegirl.org.cn/PIANO*GIRL 读取正文，信息框歌曲名称明确列PIANO*GIRL／钢琴*女孩，作者OSTER project，正文列DIVA MEGA39's等收录。 采用百科实际列出的中文名，保留标题星号，不自行改成未核实的钢琴少女。
needs_review	community	LOL -lots of laugh-	LOL -lots of laugh-	KeN	LOL -lots of laugh-	LOL -lots of laugh-	2026-09-07 官方曲目核对；保留现有原题或英文名。经https://r.jina.ai/https://zh.moegirl.org.cn/LOL_-lots_of_laugh- 读取正文，信息框和首段使用LOL -lots of laugh-，作曲Ken（ハピトラ）；大笑只作为标题意思说明。官方https://miku.sega.jp/FT/cht/song/ 也使用完整原名。 释义不是可靠的中文惯用名，保留LOL及-lots of laugh-完整附加标题。
needs_review	community	shake it！	shake it!	emon(Tes.)	shake it！	shake it！	2026-09-07 官方曲目核对；保留现有原题或英文名。经https://r.jina.ai/https://zh.moegirl.org.cn/Shake_it! 读取正文，歌曲名称Shake it!，作者emon(Tes.)并说明初音未来、镜音铃、镜音连合唱；共享歌单https://www.bilibili.com/video/BV1Xx411B71s/ 同用shake it!。 未核实中文惯用译题，保留现有原名及全角感叹号，不按字面翻成摇起来。
verified	community	サンドリヨン	Cendrillon	Dios/シグナルP	灰姑娘	灰姑娘	2026-09-07 官方曲目核对；补全中文名。经https://r.jina.ai/https://zh.moegirl.org.cn/Cendrillon 读取正文，原版信息框明确列サンドリヨン／Cendrillon／灰姑娘，作者シグナルP、演唱初音未来与KAITO；原版与10th Anniversary版分段清楚。 直接采用原版信息框的中文名；没有将十周年版本后缀错误加到本条目。
verified	community	アドレサンス	Adolescence	Dios/シグナルP	青春期	青春期	2026-09-07 官方曲目核对；补全中文名。经https://r.jina.ai/https://zh.moegirl.org.cn/Adolescence 读取正文，歌曲名称明确列アドレサンス／Adolescence／青春期，作者シグナルP、镜音双子演唱，并解释其与Cendrillon为姊妹曲。 中文名不仅是词义推测，已列于中文百科歌曲名称字段，且作品身份相符。
needs_review	community	ピアノ×フォルテ×スキャンダル	Piano × Forte × Scandal	OSTER project	Piano × Forte × Scandal	Piano × Forte × Scandal	2026-09-07 官方曲目核对；保留现有原题或英文名。经https://r.jina.ai/https://zh.moegirl.org.cn/ピアノ×フォルテ×スキャンダル 读取正文，信息框仅给日文原名及Piano×Forte×Scandal，作者OSTER project；共享歌单https://www.bilibili.com/video/BV1Xx411B71s/ 同用Piano×Forte×Scandal。 未核实钢琴×强音×丑闻等中文组合为惯用歌名；保留当前英文形式与乘号，避免把音乐术语双关硬译。
verified	official	1925	1925	T-POCKET	1925	1925	2026-09-07 官方曲目核对；保留现有原题或英文名。已读取https://miku.sega.jp/FT/cht/song/ ，明确列1925，作者T-POCKET；共享歌单https://www.bilibili.com/video/BV1Xx411B71s/ 亦用数字1925。 数字本身就是完整标题，无须中文替换。
needs_review	community	Catch the Wave	Catch the Wave	kz	Catch the Wave	Catch the Wave	2026-09-07 官方曲目核对；保留现有原题或英文名。经https://r.jina.ai/https://zh.moegirl.org.cn/Catch_the_Wave 读取正文，信息框和首段使用Catch the Wave，作者kz，明确说明为MEGA39's主题曲及DIVA十周年纪念曲。 未核实乘风破浪、捕捉声浪等为惯用中文标题；保持已获社区正文支持的英文名。
needs_review	community	39みゅーじっく！	39 Music!	みきとP	39music！	39music！	2026-09-07 官方曲目核对；保留现有原题或英文名。经https://r.jina.ai/https://zh.moegirl.org.cn/39みゅーじっく！ 读取正文，歌曲名称为39みゅーじっく！／39music!，作者みきとP，明确为魔法未来2016主题曲，未列中文译题。 保留39与music的既有标题结构及当前感叹号，不自行改为39音乐或谢谢音乐。
needs_review	community	ロキ	ROKI	みきとP	ROKI	ROKI	2026-09-07 官方曲目核对；保留现有原题或英文名。经https://r.jina.ai/https://zh.moegirl.org.cn/ROKI 读取正文，歌曲名称列ロキ、ROKI及口丰、新家、新茶，作者みきとP。 ROKI是正文支持的可识别原文形式；口丰等为圈内别称，不适合替代主标题，洛基也没有在已读正文中获支持。
needs_review	community	どりーみんチュチュ	Dreamin Chuchu	emon(Tes.)	Dreamin Chuchu	Dreamin Chuchu	2026-09-07 官方曲目核对；保留现有原题或英文名。经https://r.jina.ai/https://zh.moegirl.org.cn/どりーみんチュチュ 读取正文，使用Dreamin Chuchu；已读https://home.gamer.com.tw/artwork.php?sn=6279832 的中文歌词文章也对应为Dreamin Chuchu。https://www.marumaru-x.com/japanese-song/play-ymre1v76nd 标题仍是日文。 搜索摘要提出梦幻啾啾、梦中的亲亲，但实际打开的来源没有将其列为标题，故不采信摘要，保留现名。
needs_review	community	ジターバグ	JITTERBUG	蜂屋ななし	JITTERBUG	JITTERBUG	2026-09-07 官方曲目核对；保留现有原题或英文名。经https://r.jina.ai/https://zh.moegirl.org.cn/ジターバグ 读取正文，歌曲名称为ジターバグ／Jitterbug，作者蜂屋ななし；吉鲁巴只在歌曲标题所指舞种的解释句出现。 吉鲁巴为有效词义线索，但未核实为该曲稳定中文惯用名称，不把舞种释义直接升格为曲名；保留现有大写形式。
verified	community	ブレス・ユア・ブレス	Bless Your Breath	和田たけあき	祝福你的呼吸	祝福你的呼吸	2026-09-07 官方曲目核对；补全中文名。经https://r.jina.ai/https://zh.moegirl.org.cn/ブレス・ユア・ブレス 读取正文，信息框歌曲名称明确列ブレス・ユア・ブレス／Bless Your Breath／祝福你的呼吸，作者和田たけあき，明确为魔法未来2019主题曲。 采用已核实中文百科歌曲名称字段，不由英文自行造译。
verified	official	ZIGG-ZAGG	ZIGG-ZAGG	Junky	ZIGG-ZAGG	ZIGG-ZAGG	2026-09-07 官方曲目核对；保留现有原题或英文名。世嘉简中官网Extra Song Pack歌单列ZIGG-ZAGG、作者Junky；B站完整歌单也保留ZIGG-ZAGG。https://asia.sega.com/mega39splus/cn/ ；https://www.bilibili.com/video/BV1Xx411B71s/ 保留可辨识的原题及连字符，不自行直译。
needs_review	community	ナイトメア☆パーティーナイト	Nightmare ☆ Party Night	くちばし	Nightmare☆Party Night	Nightmare☆Party Night	2026-09-07 官方曲目核对；保留现有原题或英文名。实际读取VOCALOID中文歌词wiki，标题及歌词译文均使用Nightmare☆Party Night；萌娘日文条目404，未取得梦魇/噩梦译名正文依据。https://w.atwiki.jp/vocaloidchly/pages/1413.html 保留现有英文题；搜索工具提出的梦魇☆派对之夜没有页面支持，不采纳。
verified	official	SYMPHONIC DIVE - DIVA FT edit -	SYMPHONIC DIVE - DIVA FT edit -	Re:nG	SYMPHONIC DIVE - DIVA FT edit -	SYMPHONIC DIVE - DIVA FT edit -	2026-09-07 官方曲目核对；保留现有原题或英文名。世嘉Future Tone英文完整歌单列SYMPHONIC DIVE - DIVA FT edit -；简中官网出现SYNPHONIC拼写差异，不据此改原题。https://miku.sega.com/futuretone/songs.html ；https://asia.sega.com/mega39splus/cn/ 保留可查证的原题与完整DIVA FT edit版本后缀。
verified	official	Starlite★Lydian	Starlite★Lydian	Masaki	Starlite★Lydian	Starlite★Lydian	2026-09-07 官方曲目核对；保留现有原题或英文名。世嘉简中官网Extra Song Pack与英文Future Tone歌单均列Starlite★Lydian，作者Masaki。https://asia.sega.com/mega39splus/cn/ ；https://miku.sega.com/futuretone/songs.html 保留特殊拼写和星号，不将音乐术语及造词硬译。
needs_review	official	ペリコ・スペースシッパー	Perico Space Shipper	ワンカップP	Perico Space Shipper	Perico Space Shipper	2026-09-07 官方曲目核对；保留现有原题或英文名。世嘉英文完整歌单列Perico Space Shipper；中文社区完整歌单使用Shipper pellico space/ペリコ・スペースシッパー而未给中文题。https://miku.sega.com/futuretone/songs.html ；https://www.bilibili.com/video/BV1Xx411B71s/ 未取得专名Perico的可靠中文习惯译法，保留现有英文名。
verified	official	Pane dhiria	Pane dhiria	新城P	Pane dhiria	Pane dhiria	2026-09-07 官方曲目核对；保留现有原题或英文名。世嘉简中官网列Pane dhiria、新城P；B站歌单分P同样保留Pane dhiria。https://asia.sega.com/mega39splus/cn/ ；https://www.bilibili.com/video/BV1Xx411B71s/ 保持独特原题，现有读取来源未提供中文题。
verified	official	So much loving you★ -DIVA Edit-	So Much Loving You★ -DIVA Edit-	古墳P	So much loving you★ -DIVA Edit-	So much loving you★ -DIVA Edit-	2026-09-07 官方曲目核对；保留现有原题或英文名。世嘉简中官网Extra Song Pack明确列So much loving you★ -DIVA Edit-，作者古墳P。https://asia.sega.com/mega39splus/cn/ 保留英文原题、星号和-DIVA Edit-版本标记。
verified	official	Equation+**	Equation+**	ぽわぽわP	Equation+**	Equation+**	2026-09-07 官方曲目核对；保留现有原题或英文名。世嘉简中及Future Tone英文官方歌单均列Equation+**，作者ぽわぽわP。https://asia.sega.com/mega39splus/cn/ ；https://miku.sega.com/futuretone/songs.html 保留题名的加号与双星号，不用未经证实的方程式替换。
needs_review	official	ハイスクール Days - DIVA EDIT	High School Days - DIVA EDIT	U-ji（霊長類P）	High School Days - DIVA EDIT	High School Days - DIVA EDIT	2026-09-07 官方曲目核对；保留现有原题或英文名。世嘉英文完整歌单列High School Days - DIVA EDIT；B站中文歌单也使用High school days/ハイスクール Days。两种萌娘条目均未取得正文。https://miku.sega.com/futuretone/songs.html ；https://www.bilibili.com/video/BV1Xx411B71s/ 高中时光/高中岁月目前只有搜索概述建议，无已读来源支持惯用程度；保留英文及版本后缀。
verified	official	break;down	break;down	hmtk	break;down	break;down	2026-09-07 官方曲目核对；保留现有原题或英文名。世嘉简中官网Extra Song Pack列break;down、hmtk；B站分P也保留相同分号题名。https://asia.sega.com/mega39splus/cn/ ；https://www.bilibili.com/video/BV1Xx411B71s/ 保留程序式分号与原题写法。
needs_review	community	フランシスカ	Francisca	ぢゅ＠メラゾーマP	Francisca	Francisca	2026-09-07 官方曲目核对；保留现有原题或英文名。B站完整歌单明确并列Francisca/フランシスカ；世嘉英文歌单使用Francisca。https://www.bilibili.com/video/BV1Xx411B71s/ ；https://miku.sega.com/futuretone/songs.html 未证实中文音译惯用名，不自行选取弗朗西斯卡等译法。
verified	official	slump	slump	しばいぬ	slump	slump	2026-09-07 官方曲目核对；保留现有原题或英文名。世嘉简中官网列slump、しばいぬ；B站EX分P同样写slump。https://asia.sega.com/mega39splus/cn/ ；https://www.bilibili.com/video/BV1Xx411B71s/ 保留小写原题，不凭字典含义改成低潮等。
verified	official	Gothic and Loneliness 〜I'm the very DIVA〜	Gothic and Loneliness ～I'm the very DIVA～	なるしまたかし	Gothic and Loneliness ～I'm the very DIVA～	Gothic and Loneliness ～I'm the very DIVA～	2026-09-07 官方曲目核对；保留现有原题或英文名。世嘉歌单列Gothic and Loneliness ～I'm the very DIVA～，中文社区分P保留Gothic and Loneliness。https://asia.sega.com/mega39splus/cn/ ；https://www.bilibili.com/video/BV1Xx411B71s/ 保留原题完整副标题；name和建议name_zh沿用分配数据的U+301C波浪线，不照抄官网的全角波浪线差异。
needs_review	official	ステップフォワード	Step Forward	Chesa	Step Forward	Step Forward	2026-09-07 官方曲目核对；保留现有原题或英文名。世嘉英文完整歌单列Step Forward；中文社区B站分P仅写ステップフォワード。https://miku.sega.com/futuretone/songs.html ；https://www.bilibili.com/video/BV1Xx411B71s/ 没有已读来源证明向前迈步等中文名的惯用性，保留现有英文名。
verified	official	Mellow Yellow	Mellow Yellow	めりっさP	Mellow Yellow	Mellow Yellow	2026-09-07 官方曲目核对；保留现有原题或英文名。世嘉简中官网列Mellow Yellow、めりっさP；B站分P也使用Mellow Yellow。https://asia.sega.com/mega39splus/cn/ ；https://www.bilibili.com/video/BV1Xx411B71s/ 保留原题，避免为了出现汉字而直译。
needs_review	official	ぎずも	Gizmo	uguis08	Gizmo	Gizmo	2026-09-07 官方曲目核对；保留现有原题或英文名。世嘉英文完整歌单列Gizmo；简中官网及中文社区分P仍列ぎずも。https://miku.sega.com/futuretone/songs.html ；https://asia.sega.com/mega39splus/cn/ ；https://www.bilibili.com/video/BV1Xx411B71s/ 未查得可信中文惯用题名，保留现有Gizmo，不硬译为小玩意等。
needs_review	community	キャットフード	Cat Food	doriko	猫粮	猫粮	2026-09-07 官方曲目核对；补全中文名。已通过Jina读取B站视频页标题【星街彗星】キャットフード / Cat Food / 猫粮 （中日字幕），明确日英中对应；萌娘Cat Food正文核实原曲为doriko作品。https://www.bilibili.com/video/BV1fE411W7nb/ ；https://r.jina.ai/https://www.bilibili.com/video/BV1fE411W7nb/ ；https://zh.moegirl.org.cn/Cat_Food 猫粮有实际中文字幕标题依据；翻唱页面用于核实曲名对应而非冒充原作者官方译名。
verified	community	Fire◎Flower	Fire◎Flower	halyosy	Fire◎Flower	Fire◎Flower	2026-09-07 官方曲目核对；保留现有原题或英文名。萌娘正文的歌曲名称与不同版本均使用Fire◎Flower，作者halyosy；世嘉简中官方歌单同样保留。https://zh.moegirl.org.cn/Fire◎Flower ；https://r.jina.ai/https://zh.moegirl.org.cn/Fire◎Flower ；https://asia.sega.com/mega39splus/cn/ 原题兼具特殊符号与通行识别度，未见正文列中文惯用题。
verified	official	DYE	DYE	AVTechNO!	DYE	DYE	2026-09-07 官方曲目核对；保留现有原题或英文名。世嘉简中官网本体歌单列DYE、AVTechNO!；B站中文分P也保留DYE。https://asia.sega.com/mega39splus/cn/ ；https://www.bilibili.com/video/BV1Xx411B71s/ 保留全大写原题，不擅自按单词含义改名。
verified	official	ACUTE	ACUTE	黒うさ	ACUTE	ACUTE	2026-09-07 官方曲目核对；保留现有原题或英文名。世嘉简中官方本体歌单列ACUTE、黒うさ；B站分P同样列ACUTE。https://asia.sega.com/mega39splus/cn/ ；https://www.bilibili.com/video/BV1Xx411B71s/ 保留辨识度高的全大写题名，不以剧情概括或字面释义替换。
needs_review	community	アンハッピーリフレイン	Unhappy Refrain	wowaka	Unhappy Refrain	Unhappy Refrain	2026-09-07 官方曲目核对；保留现有原题或英文名。实际读取萌娘正文、VOCALOID中文歌词wiki及B站完整歌单，均以Unhappy Refrain或日文原题称呼；多轮搜索给出的不幸的重复/副歌等仅为生成概述，未找到对应页面正文。https://zh.moegirl.org.cn/Unhappy_Refrain ；https://w.atwiki.jp/vocaloidchly/pages/3389.html ；https://www.bilibili.com/video/BV1Xx411B71s/ 不把模型直译标记为查证；暂保留现有英文名，中文候选不幸的重复需要另行取得实际社区来源。
verified	official	Nostalogic	Nostalogic	yuukiss	Nostalogic	Nostalogic	2026-09-07 官方曲目核对；保留现有原题或英文名。世嘉Future Tone英文歌单与中文社区B站分P均写Nostalogic；MM+简中官网写Nostalogic(MEIKO-SAN mix)。https://miku.sega.com/futuretone/songs.html ；https://www.bilibili.com/video/BV1Xx411B71s/ ；https://asia.sega.com/mega39splus/cn/ 保留分配数据的原题，不擅自增添官网其他表述中的mix后缀，也不硬译造词。
needs_review	official	Stay with me	Stay with me	shu-t	Stay with me	Stay with me	2026-09-07 官方曲目核对；保留现有原题或英文名。世嘉简中官网列Stay with me、shu-t；B站分P仍使用stay with me。https://asia.sega.com/mega39splus/cn/ ；https://www.bilibili.com/video/BV1Xx411B71s/ 未取得可靠中文惯用题证据，不用泛化的陪在我身边替换。
needs_review	community	Sadistic.Music∞Factory	Sadistic.Music∞Factory	cosMo＠暴走P	残酷的音乐工厂	残酷的音乐工厂	2026-09-07 官方曲目核对；补全中文名。已读B站完整FT歌单分P明确并列(EX Lv10)残酷的音乐工厂/Sadistic.Music∞Factory；萌娘正文确认是cosMo为DIVA f提供的2012年曲目，并区分2021重制版。https://www.bilibili.com/video/BV1Xx411B71s/ ；https://zh.moegirl.org.cn/Sadistic.Music∞Factory 采用实际DIVA中文社区歌单名称，不将重制版本名或字典式施虐译法混入。
verified	official	ODDS&ENDS	Odds & Ends	ryo	ODDS&ENDS	ODDS&ENDS	2026-09-07 官方曲目核对；保留现有原题或英文名。世嘉简中官网列ODDS&ENDS、ryo；B站完整歌单亦使用ODDS&ENDS。https://asia.sega.com/mega39splus/cn/ ；https://www.bilibili.com/video/BV1Xx411B71s/ 保留全大写和&连接样式，不自行套用零碎之物等解释性译名。
needs_review	community	Weekender Girl	Weekender Girl	八王子P	Weekender Girl	Weekender Girl	2026-09-07 官方曲目核对；保留现有原题或英文名。已读萌娘歌曲信息框和简介均称Weekender Girl；世嘉简中官网同样保留英文。https://zh.moegirl.org.cn/Weekender_Girl ；https://r.jina.ai/https://zh.moegirl.org.cn/Weekender_Girl ；https://asia.sega.com/mega39splus/cn/ 未在已读页面取得周末女孩等中文惯用标题证据，保持现有原题。
needs_review	community	WORLD'S END UMBRELLA	World's End Umbrella	ハチ	WORLD'S END UMBRELLA	WORLD'S END UMBRELLA	2026-09-07 官方曲目核对；保留现有原题或英文名。萌娘正文和B站分P均使用WORLD'S END UMBRELLA；萌娘明确区分其与旧作THE WORLD END UMBRELLA，未在已读信息框及简介列中文名。https://zh.moegirl.org.cn/WORLD'S_END_UMBRELLA ；https://r.jina.ai/https://zh.moegirl.org.cn/WORLD'S_END_UMBRELLA ；https://www.bilibili.com/video/BV1Xx411B71s/ 避免未经证实的世界终结之伞等直译，也避免与旧版本混同。
verified	official	FREELY TOMORROW	Freely Tomorrow	Mitchie M	FREELY TOMORROW	FREELY TOMORROW	2026-09-07 官方曲目核对；保留现有原题或英文名。世嘉简中官网列FREELY TOMORROW、Mitchie M；B站分P使用Freely Tomorrow。https://asia.sega.com/mega39splus/cn/ ；https://www.bilibili.com/video/BV1Xx411B71s/ 保留既有原题及全大写，不人为添加自由的明天等译法。
needs_review	community	ネガポジ＊コンティニューズ	Negaposi＊Continues	sasakure.UK	正＊负持续	正＊负持续	2026-09-07 官方曲目核对；补全中文名。已读取B站完整FT歌单分P(EX Lv10)正*负持续/ネガポジ*コンティニューズ，日中题对应明确；世嘉简中官网确认原曲和sasakure.UK作者。https://www.bilibili.com/video/BV1Xx411B71s/ ；https://asia.sega.com/mega39splus/cn/ 采用实际DIVA社区歌单用名；沿用项目原题的全角＊而非网页ASCII星号。
verified	community	ブラック★ロックシューター	Black★Rock Shooter	ryo	黑岩射手	黑岩射手	2026-09-07 官方曲目核对；补全中文名。B站完整FT歌单分P明确并列黑岩射手/ブラックロックシューター；已读萌娘歌曲正文核实ryo及日文原题，并与同名角色分开。https://www.bilibili.com/video/BV1Xx411B71s/ ；https://zh.moegirl.org.cn/BLACK_ROCK_SHOOTER(歌曲) 使用中文社区成熟名称；证据是歌曲分P，不仅依赖动画或角色中文名。
verified	community	Tell Your World	Tell Your World	kz	Tell Your World	Tell Your World	2026-09-07 官方曲目核对；保留现有原题或英文名。已读萌娘信息框及正文始终使用Tell Your World，确认kz作品及Chrome广告曲；世嘉简中官网亦用该英文名。https://zh.moegirl.org.cn/Tell_Your_World ；https://r.jina.ai/https://zh.moegirl.org.cn/Tell_Your_World ；https://asia.sega.com/mega39splus/cn/ 英文原题识别度高，不能把介绍文中的连接世界等宣传语当曲名。
verified	community	Sweet Devil	Sweet Devil	八王子P	甜蜜恶魔	甜蜜恶魔	2026-09-07 官方曲目核对；补全中文名。通过Jina实际读取萌娘Sweet Devil页面，歌曲名称信息框明确并列Sweet Devil与甜蜜恶魔，并列作者八王子P及原投稿链接。https://zh.moegirl.org.cn/Sweet_Devil ；https://r.jina.ai/https://zh.moegirl.org.cn/Sweet_Devil 采用信息框中文曲名甜蜜恶魔，而非歌词段落的甜美的恶魔翻译。
verified	community	メテオ	Meteor	じょん	流星	流星	2026-09-07 官方曲目核对；补全中文名。萌娘流星(John)信息框明确列メテオ/流星，消歧义页确认作者じょん；B站完整FT歌单也并列流星/メテオ。https://zh.moegirl.org.cn/流星(John) ；https://zh.moegirl.org.cn/流星 ；https://www.bilibili.com/video/BV1Xx411B71s/ 两份实际中文社区来源支持流星；本次未取得陨石的正文依据，且必须区别于DIVELA的METEOR。
verified	community	エンヴィキャットウォーク	Envy Cat Walk	トーマ	嫉妒猫步	嫉妒猫步	2026-09-07 官方曲目核对；补全中文名。B站完整FT歌单明确并列嫉妒猫步/エンヴィキャットウォーク；萌娘Envy Catwalk信息框列令人嫉妒的猫步及相同日文原题，正文确认トーマ。https://www.bilibili.com/video/BV1Xx411B71s/ ；https://zh.moegirl.org.cn/Envy_Catwalk 优先DIVA社区简洁惯用名嫉妒猫步；令人嫉妒的猫步可作为后续搜索别名，而不是混入主名称。
needs_review	official	erase or zero	Erase or Zero	クリスタルP	erase or zero	erase or zero	2026-09-07 官方曲目核对；保留现有原题或英文名。世嘉简中官方本体歌单列erase or zero、クリスタルP；B站分P同样保留英文。https://asia.sega.com/mega39splus/cn/ ；https://www.bilibili.com/video/BV1Xx411B71s/ 未取得可核实的中文惯用题，保留小写原题。
needs_review	official	Hello, Worker	Hello, Worker	KEI	Hello, Worker	Hello, Worker	2026-09-07 官方曲目核对；保留现有原题或英文名。世嘉简中官网列Hello, Worker、KEI；B站中文歌单仍使用Hello worker。https://asia.sega.com/mega39splus/cn/ ；https://www.bilibili.com/video/BV1Xx411B71s/ 没有来源支持唯一中文称呼；保留项目原题逗号及大小写，不直译为你好劳动者。
verified	official	Knife	Knife	れるりり	Knife	Knife	2026-09-07 官方曲目核对；保留现有原题或英文名。世嘉简中官方歌单列Knife、れるりり；B站完整歌单同样使用Knife。https://asia.sega.com/mega39splus/cn/ ；https://www.bilibili.com/video/BV1Xx411B71s/ 保留已实际使用的英文原题，不凭单词含义硬改刀。
needs_review	community	soundless voice	Soundless Voice	ひとしずくP	soundless voice	soundless voice	2026-09-07 官方曲目核对；保留现有原题或英文名。萌娘信息框及正文均使用soundless voice，确认ひとしずくP及2008原版/2012新版；B站分P亦用soundless voice。https://zh.moegirl.org.cn/Soundless_voice ；https://r.jina.ai/https://zh.moegirl.org.cn/Soundless_voice ；https://www.bilibili.com/video/BV1Xx411B71s/ 未取得无声之声等译名的明确正文支持，保留原题与现有版本边界。
verified	official	Blackjack	Blackjack	ゆちゃＰ	Blackjack	Blackjack	2026-09-07 官方曲目核对；保留现有原题或英文名。世嘉简中官网列Blackjack、ゆちゃＰ；B站完整歌单也保留Blackjack。https://asia.sega.com/mega39splus/cn/ ；https://www.bilibili.com/video/BV1Xx411B71s/ 保留可辨识的原题；不把同名纸牌游戏的二十一点名称自动当作歌曲惯用译名。
verified	official	DECORATOR	Decorator	kz	DECORATOR	DECORATOR	2026-09-07 官方曲目核对；保留现有原题或英文名。世嘉简中官方本体歌单列DECORATOR、kz；B站分P同样写DECORATOR。https://asia.sega.com/mega39splus/cn/ ；https://www.bilibili.com/video/BV1Xx411B71s/ 保留原题全大写，不引入未经核实的装饰者直译。
verified	official	Glory 3usi9	Glory 3usi9	ナノウ	Glory 3usi9	Glory 3usi9	2026-09-07 官方曲目核对；保留现有原题或英文名。世嘉简中官网列Glory 3usi9、ナノウ；B站分P同样保留Glory 3usi9。https://asia.sega.com/mega39splus/cn/ ；https://www.bilibili.com/video/BV1Xx411B71s/ 保留3usi9的数字字母双关与原题样式。
verified	community	Hand in Hand	Hand in Hand	kz	Hand in Hand	Hand in Hand	2026-09-07 官方曲目核对；保留现有原题或英文名。已读萌娘正文及信息框均用Hand in Hand，确认kz与魔法未来2015主题曲；文中明确将难忘今宵称为戏称而非曲名；世嘉简中官方歌单也用英文。https://zh.moegirl.org.cn/Hand_in_Hand ；https://r.jina.ai/https://zh.moegirl.org.cn/Hand_in_Hand ；https://asia.sega.com/mega39splus/cn/ 保留通行英文题，不将难忘今宵戏称或未经标题证实的手牵手替换为正式中文名。
